"Date","Simple Date","Outdoor Temperature (°F)","Wind Speed (mph)","Wind Gust (mph)","Wind Direction (°)","Hourly Rain (in/hr)","Relative Pressure (inHg)","Humidity (%)","Solar Radiation (W/m^2)","Absolute Pressure (inHg)"
2024-04-22T14:56:00-05:00,2024-04-22 14:56:00,68,5,,-1,0,30.2,32,808,30.01
2024-04-22T13:56:00-05:00,2024-04-22 13:56:00,66,6,,-1,0,30.24,29,875,30.04
2024-04-22T12:56:00-05:00,2024-04-22 12:56:00,65,5,,-1,0,30.27,37,888,30.07
2024-04-22T11:56:00-05:00,2024-04-22 11:56:00,64,6,,-1,0,30.29,32,847,30.1
2024-04-22T10:56:00-05:00,2024-04-22 10:56:00,62,5,,-1,0,30.31,44,754,30.12
2024-04-22T09:56:00-05:00,2024-04-22 09:56:00,56,3,,130,0,30.32,60,616,30.12
2024-04-22T08:56:00-05:00,2024-04-22 08:56:00,51,0,,0,0,30.32,79,442,30.12
2024-04-22T07:56:00-05:00,2024-04-22 07:56:00,43,0,,0,0,30.31,100,244,30.11
2024-04-22T06:56:00-05:00,2024-04-22 06:56:00,39,0,,0,0,30.29,100,36,30.09
2024-04-22T05:56:00-05:00,2024-04-22 05:56:00,38,0,,0,0,30.27,100,0,30.07
2024-04-22T04:56:00-05:00,2024-04-22 04:56:00,39,3,,230,0,30.26,100,0,30.06
2024-04-22T03:56:00-05:00,2024-04-22 03:56:00,40,0,,0,0,30.25,100,0,30.06
2024-04-21T23:56:00-05:00,2024-04-21 23:56:00,46,0,,0,0,30.26,96,0,30.06
2024-04-21T22:56:00-05:00,2024-04-21 22:56:00,50,0,,0,0,30.26,80,0,30.06
2024-04-21T20:56:00-05:00,2024-04-21 20:56:00,52,5,,310,0,30.23,86,0,30.03
2024-04-21T19:56:00-05:00,2024-04-21 19:56:00,59,5,,320,0,30.22,53,0,30.02
2024-04-21T18:56:00-05:00,2024-04-21 18:56:00,63,8,,330,0,30.21,38,140,30.02
2024-04-21T17:56:00-05:00,2024-04-21 17:56:00,66,13,,350,0,30.21,37,330,30.02
2024-04-21T16:56:00-05:00,2024-04-21 16:56:00,64,8,16,350,0,30.22,38,533,30.03
2024-04-21T15:56:00-05:00,2024-04-21 15:56:00,64,10,,330,0,30.24,40,690,30.04
2024-04-21T14:56:00-05:00,2024-04-21 14:56:00,64,10,18,360,0,30.26,40,806,30.06
2024-04-21T13:56:00-05:00,2024-04-21 13:56:00,63,8,,340,0,30.28,43,873,30.09
2024-04-21T12:56:00-05:00,2024-04-21 12:56:00,61,7,,-1,0,30.3,44,886,30.11
2024-04-21T11:56:00-05:00,2024-04-21 11:56:00,59,8,,30,0,30.31,47,845,30.12
2024-04-21T10:56:00-05:00,2024-04-21 10:56:00,57,6,,-1,0,30.32,51,752,30.12
2024-04-21T09:56:00-05:00,2024-04-21 09:56:00,55,8,17,30,0,30.3,55,613,30.11
2024-04-21T08:56:00-05:00,2024-04-21 08:56:00,53,9,16,20,0,30.3,63,439,30.1
2024-04-21T06:56:00-05:00,2024-04-21 06:56:00,47,0,,0,0.01,30.27,97,31,30.07
2024-04-21T04:56:00-05:00,2024-04-21 04:56:00,52,0,,0,0.01,30.25,74,0,30.05
2024-04-21T03:56:00-05:00,2024-04-21 03:56:00,54,12,,360,0.01,30.23,69,0,30.03
2024-04-21T02:56:00-05:00,2024-04-21 02:56:00,54,7,,10,0,30.21,77,0,30.02
2024-04-21T01:56:00-05:00,2024-04-21 01:56:00,54,7,,340,0,30.22,77,0,30.02
2024-04-21T00:56:00-05:00,2024-04-21 00:56:00,53,5,,350,0,30.2,83,0,30
2024-04-20T23:56:00-05:00,2024-04-20 23:56:00,54,5,,340,0,30.2,83,0,30
2024-04-20T22:56:00-05:00,2024-04-20 22:56:00,54,0,,0,0,30.2,90,0,30
2024-04-20T21:56:00-05:00,2024-04-20 21:56:00,54,0,,0,0,30.19,97,0,29.99
2024-04-20T20:56:00-05:00,2024-04-20 20:56:00,54,3,,300,0,30.16,97,0,29.96
2024-04-20T19:56:00-05:00,2024-04-20 19:56:00,54,5,,350,0,30.16,93,0,29.96
2024-04-20T18:56:00-05:00,2024-04-20 18:56:00,55,3,,20,0,30.16,86,34,29.97
2024-04-20T17:56:00-05:00,2024-04-20 17:56:00,54,0,,0,0,30.17,90,86,29.97
2024-04-20T16:56:00-05:00,2024-04-20 16:56:00,53,3,,-1,0,30.19,89,133,30
2024-04-20T15:56:00-05:00,2024-04-20 15:56:00,52,6,,30,0.01,30.19,93,172,30
2024-04-20T14:56:00-05:00,2024-04-20 14:56:00,50,0,,0,0.01,30.2,96,506,30.01
2024-04-20T13:56:00-05:00,2024-04-20 13:56:00,50,6,,60,0.08,30.22,96,218,30.02
2024-04-20T12:56:00-05:00,2024-04-20 12:56:00,50,3,,-1,0.15,30.26,96,221,30.06
2024-04-20T11:56:00-05:00,2024-04-20 11:56:00,50,3,,310,0.13,30.31,93,211,30.12
2024-04-20T10:56:00-05:00,2024-04-20 10:56:00,53,10,,10,0.01,30.28,74,187,30.09
2024-04-20T09:56:00-05:00,2024-04-20 09:56:00,56,9,,30,0,30.27,60,153,30.07
2024-04-20T08:56:00-05:00,2024-04-20 08:56:00,57,9,,50,0,30.22,59,109,30.02
2024-04-20T07:56:00-05:00,2024-04-20 07:56:00,58,7,,40,0,30.22,60,59,30.02
2024-04-20T06:56:00-05:00,2024-04-20 06:56:00,58,5,,-1,0,30.2,62,7,30
2024-04-20T05:56:00-05:00,2024-04-20 05:56:00,58,7,,-1,0,30.18,70,0,29.98
2024-04-20T04:56:00-05:00,2024-04-20 04:56:00,58,6,,30,0,30.16,78,0,29.96
2024-04-20T03:56:00-05:00,2024-04-20 03:56:00,58,5,,30,0,30.16,81,0,29.96
2024-04-20T02:56:00-05:00,2024-04-20 02:56:00,58,5,,-1,0,30.16,84,0,29.97
2024-04-20T01:56:00-05:00,2024-04-20 01:56:00,58,3,,20,0.01,30.15,81,0,29.96
2024-04-20T00:56:00-05:00,2024-04-20 00:56:00,59,3,,-1,0.01,30.15,77,0,29.95
2024-04-19T23:56:00-05:00,2024-04-19 23:56:00,59,3,,-1,0,30.14,81,0,29.95
2024-04-19T22:56:00-05:00,2024-04-19 22:56:00,59,0,,0,0,30.16,83,0,29.96
2024-04-19T20:56:00-05:00,2024-04-19 20:56:00,59,3,,30,0,30.13,83,0,29.94
2024-04-19T19:56:00-05:00,2024-04-19 19:56:00,59,3,,-1,0,30.11,87,0,29.92
2024-04-19T18:56:00-05:00,2024-04-19 18:56:00,59,5,,-1,0,30.1,87,34,29.9
2024-04-19T17:56:00-05:00,2024-04-19 17:56:00,60,5,,-1,0,30.09,83,85,29.9
2024-04-19T16:56:00-05:00,2024-04-19 16:56:00,60,5,,-1,0,30.11,86,132,29.92
2024-04-19T15:56:00-05:00,2024-04-19 15:56:00,60,8,,30,0,30.12,83,171,29.93
2024-04-19T14:56:00-05:00,2024-04-19 14:56:00,61,8,,30,0,30.12,83,200,29.93
2024-04-19T13:56:00-05:00,2024-04-19 13:56:00,61,8,,30,0,30.14,81,217,29.95
2024-04-19T12:56:00-05:00,2024-04-19 12:56:00,62,9,,60,0,30.13,78,220,29.94
2024-04-19T11:56:00-05:00,2024-04-19 11:56:00,61,9,16,20,0,30.13,81,210,29.94
2024-04-19T10:56:00-05:00,2024-04-19 10:56:00,61,6,,50,0,30.14,81,187,29.94
2024-04-19T09:56:00-05:00,2024-04-19 09:56:00,61,10,18,20,0,30.13,81,152,29.93
2024-04-19T08:56:00-05:00,2024-04-19 08:56:00,61,12,,30,0,30.11,78,108,29.92
2024-04-19T07:56:00-05:00,2024-04-19 07:56:00,61,9,,20,0,30.1,81,58,29.91
2024-04-19T06:56:00-05:00,2024-04-19 06:56:00,62,13,,30,0,30.08,80,6,29.89
2024-04-19T05:56:00-05:00,2024-04-19 05:56:00,64,9,,30,0,30.04,84,0,29.85
2024-04-19T04:56:00-05:00,2024-04-19 04:56:00,67,12,18,40,0.01,30.01,90,0,29.82
2024-04-19T03:56:00-05:00,2024-04-19 03:56:00,70,12,,20,0,29.99,90,0,29.8
2024-04-19T02:56:00-05:00,2024-04-19 02:56:00,72,0,,0,0,29.96,100,0,29.77
2024-04-19T02:10:00-05:00,2024-04-19 02:10:00,72,0,,0,0,29.96,100,0,29.76
2024-04-19T00:56:00-05:00,2024-04-19 00:56:00,72,0,,0,0,29.95,100,0,29.76
2024-04-18T23:56:00-05:00,2024-04-18 23:56:00,73,3,,170,0,29.95,100,0,29.76
2024-04-18T22:56:00-05:00,2024-04-18 22:56:00,74,3,,160,0,29.95,97,0,29.75
2024-04-18T21:56:00-05:00,2024-04-18 21:56:00,75,5,,180,0,29.95,94,0,29.76
2024-04-18T20:56:00-05:00,2024-04-18 20:56:00,76,5,,160,0,29.92,94,0,29.73
2024-04-18T19:56:00-05:00,2024-04-18 19:56:00,76,3,,-1,0,29.91,97,0,29.72
2024-04-18T18:56:00-05:00,2024-04-18 18:56:00,78,0,,0,0,29.9,90,84,29.71
2024-04-18T17:56:00-05:00,2024-04-18 17:56:00,80,3,,120,0,29.89,85,213,29.7
2024-04-18T16:56:00-05:00,2024-04-18 16:56:00,80,0,,0,0,29.89,85,331,29.7
2024-04-18T15:56:00-05:00,2024-04-18 15:56:00,80,0,,0,0,29.89,85,431,29.7
2024-04-18T14:56:00-05:00,2024-04-18 14:56:00,81,6,,180,0,29.91,77,504,29.72
2024-04-18T13:56:00-05:00,2024-04-18 13:56:00,77,5,,190,0,29.92,88,217,29.73
2024-04-18T12:56:00-05:00,2024-04-18 12:56:00,75,5,,160,0,29.94,88,220,29.75
2024-04-18T11:56:00-05:00,2024-04-18 11:56:00,74,7,,180,0,29.96,91,209,29.76
2024-04-18T11:02:00-05:00,2024-04-18 11:02:00,73,10,,190,0,29.96,94,189,29.77
2024-04-18T09:56:00-05:00,2024-04-18 09:56:00,71,7,,180,0,29.96,96,151,29.77
2024-04-18T08:56:00-05:00,2024-04-18 08:56:00,71,7,,180,0,29.97,96,107,29.78
2024-04-18T06:56:00-05:00,2024-04-18 06:56:00,69,3,,180,0,29.96,100,5,29.77
2024-04-18T05:56:00-05:00,2024-04-18 05:56:00,68,0,,0,0,29.93,100,0,29.74
2024-04-18T04:56:00-05:00,2024-04-18 04:56:00,68,0,,0,0,29.94,100,0,29.75
2024-04-18T03:56:00-05:00,2024-04-18 03:56:00,65,0,,0,0,29.95,100,0,29.75
2024-04-18T03:02:00-05:00,2024-04-18 03:02:00,66,3,,10,0,29.95,100,0,29.75
2024-04-18T02:00:00-05:00,2024-04-18 02:00:00,68,0,,0,0,29.97,100,0,29.77
2024-04-18T01:00:00-05:00,2024-04-18 01:00:00,70,0,,0,0,29.98,100,0,29.78
2024-04-17T23:56:00-05:00,2024-04-17 23:56:00,69,0,,0,0,29.97,100,0,29.78
2024-04-17T22:56:00-05:00,2024-04-17 22:56:00,69,0,,0,0,30,100,0,29.81
2024-04-17T21:56:00-05:00,2024-04-17 21:56:00,71,0,,0,0,29.98,96,0,29.79
2024-04-17T20:56:00-05:00,2024-04-17 20:56:00,72,0,,0,0,29.96,97,0,29.77
2024-04-17T19:56:00-05:00,2024-04-17 19:56:00,74,0,,0,0,29.95,94,0,29.75
2024-04-17T18:56:00-05:00,2024-04-17 18:56:00,78,0,,0,0,29.94,82,124,29.75
2024-04-17T17:56:00-05:00,2024-04-17 17:56:00,82,0,,0,0,29.93,72,335,29.74
2024-04-17T16:56:00-05:00,2024-04-17 16:56:00,84,0,,0,0,29.93,61,523,29.74
2024-04-17T15:56:00-05:00,2024-04-17 15:56:00,84,3,,-1,0,29.94,61,682,29.75
2024-04-17T14:56:00-05:00,2024-04-17 14:56:00,84,5,,230,0,29.96,65,795,29.77
2024-04-17T13:56:00-05:00,2024-04-17 13:56:00,83,6,,240,0,29.98,67,864,29.78
2024-04-17T12:56:00-05:00,2024-04-17 12:56:00,81,0,,0,0,29.99,72,552,29.8
2024-04-17T11:56:00-05:00,2024-04-17 11:56:00,78,7,,-1,0,30.01,76,797,29.82
2024-04-17T10:56:00-05:00,2024-04-17 10:56:00,75,3,,250,0,30.01,88,185,29.82
2024-04-17T09:56:00-05:00,2024-04-17 09:56:00,72,3,,200,0,30,97,150,29.81
2024-04-17T08:56:00-05:00,2024-04-17 08:56:00,69,0,,0,0,29.99,100,106,29.79
2024-04-17T07:56:00-05:00,2024-04-17 07:56:00,67,0,,0,0,29.98,100,56,29.79
2024-04-17T06:56:00-05:00,2024-04-17 06:56:00,65,0,,0,0,29.96,100,4,29.77
2024-04-17T06:07:00-05:00,2024-04-17 06:07:00,64,0,,0,0,29.96,100,0,29.76
2024-04-17T04:56:00-05:00,2024-04-17 04:56:00,67,0,,0,0,29.93,97,0,29.74
2024-04-17T03:56:00-05:00,2024-04-17 03:56:00,68,5,,220,0,29.92,100,0,29.73
2024-04-17T02:56:00-05:00,2024-04-17 02:56:00,68,7,,210,0,29.92,100,0,29.73
2024-04-17T01:56:00-05:00,2024-04-17 01:56:00,69,5,,200,0,29.91,100,0,29.72
2024-04-17T00:56:00-05:00,2024-04-17 00:56:00,69,0,,0,0,29.91,100,0,29.72
2024-04-16T23:56:00-05:00,2024-04-16 23:56:00,69,0,,0,0,29.91,100,0,29.72
2024-04-16T22:56:00-05:00,2024-04-16 22:56:00,70,0,,0,0.01,29.9,100,0,29.7
2024-04-16T21:56:00-05:00,2024-04-16 21:56:00,71,0,,0,0.03,29.88,100,0,29.69
2024-04-16T19:56:00-05:00,2024-04-16 19:56:00,71,6,,180,0.01,29.83,100,0,29.63
2024-04-16T18:56:00-05:00,2024-04-16 18:56:00,72,5,,200,0.01,29.82,97,32,29.63
2024-04-16T17:56:00-05:00,2024-04-16 17:56:00,71,5,,-1,0.01,29.8,100,83,29.61
2024-04-16T16:56:00-05:00,2024-04-16 16:56:00,71,5,,170,0.01,29.81,100,131,29.62
2024-04-16T15:56:00-05:00,2024-04-16 15:56:00,73,13,,180,0.01,29.82,90,170,29.63
2024-04-16T14:56:00-05:00,2024-04-16 14:56:00,73,7,,180,0.01,29.83,90,199,29.64
2024-04-16T13:56:00-05:00,2024-04-16 13:56:00,75,10,22,180,0.01,29.85,79,215,29.66
2024-04-16T12:56:00-05:00,2024-04-16 12:56:00,75,10,,180,0.01,29.87,79,219,29.68
2024-04-16T11:56:00-05:00,2024-04-16 11:56:00,74,10,,180,0,29.88,79,208,29.69
2024-04-16T10:56:00-05:00,2024-04-16 10:56:00,74,14,,190,0,29.89,79,184,29.7
2024-04-16T09:56:00-05:00,2024-04-16 09:56:00,73,10,,190,0,29.9,81,149,29.71
2024-04-16T08:56:00-05:00,2024-04-16 08:56:00,70,7,,190,0,29.91,90,402,29.71
2024-04-16T07:56:00-05:00,2024-04-16 07:56:00,65,3,,160,0.01,29.92,100,221,29.73
2024-04-16T06:56:00-05:00,2024-04-16 06:56:00,64,3,,150,0,29.91,100,11,29.71
2024-04-16T05:56:00-05:00,2024-04-16 05:56:00,65,0,,0,0,29.88,100,0,29.68
2024-04-16T04:56:00-05:00,2024-04-16 04:56:00,66,3,,190,0,29.87,96,0,29.68
2024-04-16T03:56:00-05:00,2024-04-16 03:56:00,65,0,,0,0,29.85,97,0,29.66
2024-04-16T02:56:00-05:00,2024-04-16 02:56:00,68,5,,170,0,29.86,90,0,29.67
2024-04-16T01:56:00-05:00,2024-04-16 01:56:00,68,6,,160,0,29.86,93,0,29.67
2024-04-16T00:56:00-05:00,2024-04-16 00:56:00,68,0,,0,0,29.92,96,0,29.73
2024-04-15T23:56:00-05:00,2024-04-15 23:56:00,67,0,,0,0,29.93,100,0,29.74
2024-04-15T22:56:00-05:00,2024-04-15 22:56:00,68,0,,0,0,29.95,100,0,29.76
2024-04-15T21:56:00-05:00,2024-04-15 21:56:00,68,0,,0,0,29.93,96,0,29.73
2024-04-15T20:56:00-05:00,2024-04-15 20:56:00,69,0,,0,0,29.91,96,0,29.71
2024-04-15T19:56:00-05:00,2024-04-15 19:56:00,70,0,,0,0,29.92,93,0,29.73
2024-04-15T18:56:00-05:00,2024-04-15 18:56:00,71,0,,0,0,29.93,90,31,29.73
2024-04-15T17:56:00-05:00,2024-04-15 17:56:00,72,0,,0,0,29.93,91,83,29.74
2024-04-15T16:56:00-05:00,2024-04-15 16:56:00,72,,,,0.01,29.93,84,130,29.74
2024-04-15T15:56:00-05:00,2024-04-15 15:56:00,72,9,,180,0,29.93,84,169,29.73
2024-04-15T14:56:00-05:00,2024-04-15 14:56:00,72,7,,200,0,29.96,84,198,29.77
2024-04-15T13:56:00-05:00,2024-04-15 13:56:00,73,13,18,210,0,29.96,79,215,29.77
2024-04-15T12:56:00-05:00,2024-04-15 12:56:00,75,6,,150,0,29.96,79,218,29.77
2024-04-15T11:56:00-05:00,2024-04-15 11:56:00,75,8,,180,0,29.97,76,207,29.78
2024-04-15T10:56:00-05:00,2024-04-15 10:56:00,72,7,,210,0,29.98,82,184,29.79
2024-04-15T09:56:00-05:00,2024-04-15 09:56:00,70,5,,200,0,29.99,87,148,29.8
2024-04-15T08:56:00-05:00,2024-04-15 08:56:00,66,0,,0,0,29.98,96,104,29.78
2024-04-15T07:56:00-05:00,2024-04-15 07:56:00,62,0,,0,0,29.96,100,137,29.77
2024-04-15T06:56:00-05:00,2024-04-15 06:56:00,59,0,,0,0,29.95,100,2,29.76
2024-04-15T05:56:00-05:00,2024-04-15 05:56:00,59,0,,0,0,29.94,100,0,29.75
2024-04-15T03:56:00-05:00,2024-04-15 03:56:00,60,0,,0,0,29.92,100,0,29.73
2024-04-15T02:56:00-05:00,2024-04-15 02:56:00,62,0,,0,0,29.92,100,0,29.73
2024-04-15T01:56:00-05:00,2024-04-15 01:56:00,62,0,,0,0,29.94,100,0,29.75
2024-04-15T00:56:00-05:00,2024-04-15 00:56:00,61,0,,0,0,29.95,100,0,29.76
2024-04-14T23:56:00-05:00,2024-04-14 23:56:00,63,0,,0,0,29.95,100,0,29.76
2024-04-14T22:56:00-05:00,2024-04-14 22:56:00,64,3,,160,0,29.96,96,0,29.76
2024-04-14T21:56:00-05:00,2024-04-14 21:56:00,66,3,,150,0,29.96,93,0,29.77
2024-04-14T20:56:00-05:00,2024-04-14 20:56:00,69,3,,210,0,29.94,87,0,29.75
2024-04-14T19:56:00-05:00,2024-04-14 19:56:00,73,3,,190,0,29.93,76,0,29.74
2024-04-14T18:56:00-05:00,2024-04-14 18:56:00,78,6,,190,0,29.93,64,117,29.73
2024-04-14T17:56:00-05:00,2024-04-14 17:56:00,80,10,,190,0,29.93,60,314,29.74
2024-04-14T16:56:00-05:00,2024-04-14 16:56:00,79,14,,220,0,29.94,62,516,29.75
2024-04-14T15:56:00-05:00,2024-04-14 15:56:00,77,9,,190,0,29.96,66,425,29.77
2024-04-14T14:56:00-05:00,2024-04-14 14:56:00,76,13,,190,0,29.98,71,755,29.79
2024-04-14T13:56:00-05:00,2024-04-14 13:56:00,73,10,,200,0,30.02,76,214,29.83
2024-04-14T12:56:00-05:00,2024-04-14 12:56:00,71,8,,220,0,30.04,79,217,29.85
2024-04-14T11:56:00-05:00,2024-04-14 11:56:00,70,9,,220,0,30.06,81,206,29.86
2024-04-14T10:56:00-05:00,2024-04-14 10:56:00,69,9,,200,0,30.07,81,183,29.88
2024-04-14T09:56:00-05:00,2024-04-14 09:56:00,68,9,,200,0,30.07,78,148,29.88
2024-04-14T08:56:00-05:00,2024-04-14 08:56:00,64,9,,200,0,30.08,84,395,29.88
2024-04-14T07:56:00-05:00,2024-04-14 07:56:00,59,3,,170,0,30.08,87,213,29.89
2024-04-14T05:56:00-05:00,2024-04-14 05:56:00,59,3,,220,0,30.06,83,0,29.86
2024-04-14T04:56:00-05:00,2024-04-14 04:56:00,62,9,,200,0,30.05,72,0,29.86
2024-04-14T03:56:00-05:00,2024-04-14 03:56:00,64,8,,190,0,30.05,63,0,29.86
2024-04-14T01:56:00-05:00,2024-04-14 01:56:00,63,6,,180,0,30.06,65,0,29.87
2024-04-14T00:56:00-05:00,2024-04-14 00:56:00,61,3,,190,0,30.08,81,0,29.88
2024-04-13T23:56:00-05:00,2024-04-13 23:56:00,65,5,,200,0,30.08,63,0,29.88
2024-04-13T22:56:00-05:00,2024-04-13 22:56:00,62,0,,0,0,30.08,80,0,29.89
2024-04-13T21:56:00-05:00,2024-04-13 21:56:00,63,0,,0,0,30.08,81,0,29.89
2024-04-13T20:56:00-05:00,2024-04-13 20:56:00,66,3,,180,0,30.08,63,0,29.88
2024-04-13T19:56:00-05:00,2024-04-13 19:56:00,73,6,,180,0,30.06,46,0,29.87
2024-04-13T18:56:00-05:00,2024-04-13 18:56:00,79,6,,190,0,30.08,36,120,29.88
2024-04-13T17:56:00-05:00,2024-04-13 17:56:00,81,10,,220,0,30.09,33,327,29.89
2024-04-13T16:56:00-05:00,2024-04-13 16:56:00,82,13,18,220,0,30.1,32,515,29.91
2024-04-13T15:56:00-05:00,2024-04-13 15:56:00,82,17,26,200,0,30.12,28,673,29.93
2024-04-13T14:56:00-05:00,2024-04-13 14:56:00,81,15,,230,0,30.15,30,788,29.96
2024-04-13T13:56:00-05:00,2024-04-13 13:56:00,79,12,21,200,0,30.18,34,854,29.99
2024-04-13T12:56:00-05:00,2024-04-13 12:56:00,78,12,,210,0,30.21,42,866,30.02
2024-04-13T11:56:00-05:00,2024-04-13 11:56:00,74,3,,200,0,30.24,46,823,30.05
2024-04-13T10:56:00-05:00,2024-04-13 10:56:00,70,3,,180,0,30.26,55,728,30.06
2024-04-13T09:56:00-05:00,2024-04-13 09:56:00,64,3,,180,0,30.27,67,587,30.07
2024-04-13T08:56:00-05:00,2024-04-13 08:56:00,58,0,,0,0,30.26,84,410,30.07
2024-04-13T07:56:00-05:00,2024-04-13 07:56:00,52,0,,0,0,30.26,97,209,30.07
2024-04-13T05:56:00-05:00,2024-04-13 05:56:00,51,0,,0,0,30.23,100,0,30.03
2024-04-13T04:56:00-05:00,2024-04-13 04:56:00,51,3,,20,0,30.22,100,0,30.03
2024-04-13T03:56:00-05:00,2024-04-13 03:56:00,52,0,,0,0,30.23,100,0,30.03
2024-04-13T02:56:00-05:00,2024-04-13 02:56:00,53,0,,0,0,30.22,100,0,30.03
2024-04-13T01:56:00-05:00,2024-04-13 01:56:00,53,0,,0,0,30.23,96,0,30.03
2024-04-13T00:56:00-05:00,2024-04-13 00:56:00,56,0,,0,0,30.23,93,0,30.04
2024-04-12T23:56:00-05:00,2024-04-12 23:56:00,56,0,,0,0,30.23,90,0,30.03
2024-04-12T22:56:00-05:00,2024-04-12 22:56:00,59,0,,0,0,30.23,87,0,30.04
2024-04-12T21:56:00-05:00,2024-04-12 21:56:00,59,0,,0,0,30.22,93,0,30.03
2024-04-12T20:56:00-05:00,2024-04-12 20:56:00,63,0,,0,0,30.2,84,0,30
2024-04-12T19:56:00-05:00,2024-04-12 19:56:00,69,0,,0,0,30.18,61,0,29.98
2024-04-12T18:56:00-05:00,2024-04-12 18:56:00,75,6,,210,0,30.17,38,118,29.98
2024-04-12T17:56:00-05:00,2024-04-12 17:56:00,76,8,,230,0,30.18,33,325,29.98
2024-04-12T16:56:00-05:00,2024-04-12 16:56:00,78,3,,170,0,30.18,28,513,29.98
2024-04-12T15:56:00-05:00,2024-04-12 15:56:00,76,5,,300,0,30.19,26,671,30
2024-04-12T14:56:00-05:00,2024-04-12 14:56:00,75,8,,200,0,30.21,29,786,30.02
2024-04-12T13:56:00-05:00,2024-04-12 13:56:00,73,7,,320,0,30.23,25,852,30.04
2024-04-12T12:56:00-05:00,2024-04-12 12:56:00,71,3,,-1,0,30.25,25,863,30.06
2024-04-12T11:56:00-05:00,2024-04-12 11:56:00,69,6,,300,0,30.27,26,820,30.07
2024-04-12T10:56:00-05:00,2024-04-12 10:56:00,67,6,,-1,0,30.27,29,724,30.07
2024-04-12T09:56:00-05:00,2024-04-12 09:56:00,62,0,,0,0,30.24,53,583,30.05
2024-04-12T08:56:00-05:00,2024-04-12 08:56:00,55,0,,0,0,30.23,64,406,30.03
2024-04-12T07:56:00-05:00,2024-04-12 07:56:00,48,0,,0,0,30.2,83,205,30.01
2024-04-12T06:56:00-05:00,2024-04-12 06:56:00,45,0,,0,0,30.18,97,0,29.98
2024-04-12T05:56:00-05:00,2024-04-12 05:56:00,46,0,,0,0,30.15,89,0,29.95
2024-04-12T04:56:00-05:00,2024-04-12 04:56:00,48,0,,0,0,30.14,86,0,29.94
2024-04-12T03:56:00-05:00,2024-04-12 03:56:00,49,0,,0,0,30.13,83,0,29.94
2024-04-12T02:56:00-05:00,2024-04-12 02:56:00,50,0,,0,0,30.11,86,0,29.92
2024-04-12T01:56:00-05:00,2024-04-12 01:56:00,52,0,,0,0,30.11,71,0,29.92
2024-04-12T00:56:00-05:00,2024-04-12 00:56:00,54,5,,260,0,30.1,66,0,29.9
2024-04-11T23:56:00-05:00,2024-04-11 23:56:00,55,0,,0,0,30.08,69,0,29.88
2024-04-11T22:56:00-05:00,2024-04-11 22:56:00,58,0,,0,0,30.06,57,0,29.86
2024-04-11T21:56:00-05:00,2024-04-11 21:56:00,61,5,,280,0,30.04,48,0,29.84
2024-04-11T20:56:00-05:00,2024-04-11 20:56:00,62,5,,280,0,30.01,46,0,29.81
2024-04-11T19:56:00-05:00,2024-04-11 19:56:00,65,6,,280,0,29.97,40,0,29.78
2024-04-11T18:56:00-05:00,2024-04-11 18:56:00,68,9,20,290,0,29.95,35,115,29.75
2024-04-11T17:56:00-05:00,2024-04-11 17:56:00,69,14,22,300,0,29.93,33,322,29.74
2024-04-11T16:56:00-05:00,2024-04-11 16:56:00,70,14,21,290,0,29.92,32,511,29.73
2024-04-11T15:56:00-05:00,2024-04-11 15:56:00,70,13,30,290,0,29.91,29,668,29.72
2024-04-11T14:56:00-05:00,2024-04-11 14:56:00,70,15,26,280,0,29.9,32,784,29.7
2024-04-11T13:56:00-05:00,2024-04-11 13:56:00,69,9,25,300,0,29.9,36,849,29.7
2024-04-11T12:56:00-05:00,2024-04-11 12:56:00,67,22,26,280,0,29.89,45,861,29.7
2024-04-11T11:56:00-05:00,2024-04-11 11:56:00,65,14,22,330,0,29.88,52,817,29.69
2024-04-11T10:56:00-05:00,2024-04-11 10:56:00,63,15,22,290,0,29.88,63,721,29.68
2024-04-11T09:56:00-05:00,2024-04-11 09:56:00,61,12,20,290,0,29.85,70,579,29.66
2024-04-11T08:56:00-05:00,2024-04-11 08:56:00,55,10,,280,0,29.83,86,402,29.63
2024-04-11T07:56:00-05:00,2024-04-11 07:56:00,53,8,,290,0,29.81,93,200,29.62
2024-04-11T06:56:00-05:00,2024-04-11 06:56:00,53,7,,280,0.01,29.77,96,0,29.58
2024-04-11T05:56:00-05:00,2024-04-11 05:56:00,53,6,,290,0.01,29.73,96,0,29.54
2024-04-11T03:56:00-05:00,2024-04-11 03:56:00,53,8,,330,0.04,29.68,96,0,29.49
2024-04-11T02:56:00-05:00,2024-04-11 02:56:00,54,10,20,320,0.03,29.64,97,0,29.45
2024-04-11T01:56:00-05:00,2024-04-11 01:56:00,55,15,20,340,0.01,29.63,96,0,29.43
2024-04-11T00:56:00-05:00,2024-04-11 00:56:00,57,13,,330,0.04,29.63,96,0,29.44
2024-04-10T23:56:00-05:00,2024-04-10 23:56:00,58,8,,310,0.05,29.63,97,0,29.44
2024-04-10T23:03:00-05:00,2024-04-10 23:03:00,61,9,20,330,0.01,29.62,94,0,29.42
2024-04-10T21:56:00-05:00,2024-04-10 21:56:00,62,9,,320,0.22,29.6,100,0,29.4
2024-04-10T20:56:00-05:00,2024-04-10 20:56:00,62,6,,310,0.09,29.59,100,0,29.39
2024-04-10T19:56:00-05:00,2024-04-10 19:56:00,62,6,,350,0.32,29.58,100,0,29.38
2024-04-10T19:07:00-05:00,2024-04-10 19:07:00,63,8,,320,0.05,29.58,100,18,29.38
2024-04-10T17:56:00-05:00,2024-04-10 17:56:00,65,6,,300,0.01,29.57,97,80,29.37
2024-04-10T17:08:00-05:00,2024-04-10 17:08:00,66,5,,350,0.01,29.58,94,118,29.38
2024-04-10T15:56:00-05:00,2024-04-10 15:56:00,68,6,,10,0,29.58,84,166,29.39
2024-04-10T14:56:00-05:00,2024-04-10 14:56:00,67,5,,340,0,29.61,87,195,29.41
2024-04-10T13:56:00-05:00,2024-04-10 13:56:00,65,0,,0,0,29.63,90,212,29.44
2024-04-10T12:56:00-05:00,2024-04-10 12:56:00,65,6,,180,0.01,29.65,93,214,29.45
2024-04-10T11:56:00-05:00,2024-04-10 11:56:00,62,16,24,60,0.02,29.61,100,203,29.42
2024-04-10T10:56:00-05:00,2024-04-10 10:56:00,61,0,,0,0.11,29.77,100,179,29.58
2024-04-10T09:56:00-05:00,2024-04-10 09:56:00,61,0,,0,0.04,29.79,100,144,29.6
2024-04-10T08:56:00-05:00,2024-04-10 08:56:00,60,0,,0,0.03,29.78,100,99,29.59
2024-04-10T07:56:00-05:00,2024-04-10 07:56:00,60,3,,-1,0,29.73,100,49,29.54
2024-04-10T06:56:00-05:00,2024-04-10 06:56:00,60,3,,-1,0,29.72,100,0,29.53
2024-04-10T05:56:00-05:00,2024-04-10 05:56:00,60,7,,30,0,29.72,100,0,29.53
2024-04-10T04:56:00-05:00,2024-04-10 04:56:00,60,6,,30,0,29.71,100,0,29.52
2024-04-10T03:56:00-05:00,2024-04-10 03:56:00,60,6,,20,0,29.74,100,0,29.55
2024-04-10T02:56:00-05:00,2024-04-10 02:56:00,60,3,,30,0,29.78,100,0,29.59
2024-04-10T01:56:00-05:00,2024-04-10 01:56:00,60,0,,0,0,29.8,100,0,29.61
2024-04-10T00:56:00-05:00,2024-04-10 00:56:00,60,0,,0,0,29.8,100,0,29.6
2024-04-09T23:56:00-05:00,2024-04-09 23:56:00,60,0,,0,0,29.81,100,0,29.61
2024-04-09T22:56:00-05:00,2024-04-09 22:56:00,60,6,,10,0,29.8,100,0,29.6
2024-04-09T21:56:00-05:00,2024-04-09 21:56:00,60,7,,20,0,29.78,100,0,29.59
2024-04-09T20:56:00-05:00,2024-04-09 20:56:00,61,5,,20,0,29.78,100,0,29.59
2024-04-09T19:56:00-05:00,2024-04-09 19:56:00,62,8,,330,0.01,29.76,100,0,29.57
2024-04-09T18:56:00-05:00,2024-04-09 18:56:00,62,3,,-1,0.05,29.71,100,28,29.52
2024-04-09T17:56:00-05:00,2024-04-09 17:56:00,61,5,,-1,0.25,29.84,100,79,29.64
2024-04-09T17:04:00-05:00,2024-04-09 17:04:00,61,0,,0,0.04,29.91,100,121,29.71
2024-04-09T15:56:00-05:00,2024-04-09 15:56:00,61,5,,-1,0.05,29.83,100,166,29.64
2024-04-09T14:47:00-05:00,2024-04-09 14:47:00,62,3,,-1,0.04,29.85,100,198,29.66
2024-04-09T14:04:00-05:00,2024-04-09 14:04:00,63,5,,360,0.01,29.87,100,210,29.67
2024-04-09T12:56:00-05:00,2024-04-09 12:56:00,62,7,,20,0,29.85,96,214,29.66
2024-04-09T11:56:00-05:00,2024-04-09 11:56:00,61,9,,350,0,29.9,100,203,29.7
2024-04-09T10:56:00-05:00,2024-04-09 10:56:00,61,0,,0,0,29.91,97,682,29.71
2024-04-09T09:56:00-05:00,2024-04-09 09:56:00,61,3,,-1,0,29.91,100,572,29.71
2024-04-09T08:56:00-05:00,2024-04-09 08:56:00,61,9,,330,0.01,29.88,100,376,29.69
2024-04-09T07:56:00-05:00,2024-04-09 07:56:00,62,9,18,70,0.29,29.89,100,48,29.69
2024-04-09T06:56:00-05:00,2024-04-09 06:56:00,63,9,,270,0.09,30.01,100,0,29.81
2024-04-09T05:56:00-05:00,2024-04-09 05:56:00,62,5,,-1,0.04,29.91,,0,29.72
2024-04-09T04:56:00-05:00,2024-04-09 04:56:00,62,6,,-1,0.1,29.92,100,0,29.73
2024-04-09T03:56:00-05:00,2024-04-09 03:56:00,62,5,,-1,0.07,29.91,100,0,29.72
2024-04-09T02:56:00-05:00,2024-04-09 02:56:00,63,6,,150,0.09,29.95,100,0,29.76
2024-04-09T01:56:00-05:00,2024-04-09 01:56:00,63,7,,180,0.2,29.96,100,0,29.77
2024-04-09T00:56:00-05:00,2024-04-09 00:56:00,64,10,16,170,0.13,29.95,100,0,29.76
2024-04-08T23:56:00-05:00,2024-04-08 23:56:00,65,12,21,140,0.14,29.92,97,0,29.73
2024-04-08T22:56:00-05:00,2024-04-08 22:56:00,66,7,,-1,0.02,29.92,96,0,29.73
2024-04-08T21:56:00-05:00,2024-04-08 21:56:00,69,0,,0,0.01,29.93,96,0,29.74
2024-04-08T20:56:00-05:00,2024-04-08 20:56:00,69,0,,0,0.22,29.87,96,0,29.67
2024-04-08T19:56:00-05:00,2024-04-08 19:56:00,73,18,31,180,0.01,29.89,84,0,29.7
2024-04-08T18:56:00-05:00,2024-04-08 18:56:00,77,7,,150,0,29.86,77,68,29.67
2024-04-08T17:56:00-05:00,2024-04-08 17:56:00,82,3,,-1,0,29.87,65,301,29.68
2024-04-08T16:56:00-05:00,2024-04-08 16:56:00,82,0,,0,0,29.89,63,317,29.69
2024-04-08T15:56:00-05:00,2024-04-08 15:56:00,82,5,,-1,0,29.88,60,661,29.69
2024-04-08T14:56:00-05:00,2024-04-08 14:56:00,79,3,,60,0,29.91,67,489,29.72
2024-04-08T13:56:00-05:00,2024-04-08 13:56:00,76,0,,0,0,29.93,71,803,29.73
2024-04-08T12:56:00-05:00,2024-04-08 12:56:00,79,5,,120,0,29.95,62,850,29.76
2024-04-08T11:56:00-05:00,2024-04-08 11:56:00,78,0,,0,0,29.97,58,807,29.77
2024-04-08T10:56:00-05:00,2024-04-08 10:56:00,72,3,,-1,0,29.98,59,711,29.79
2024-04-08T09:56:00-05:00,2024-04-08 09:56:00,66,0,,0,0,29.98,61,568,29.79
2024-04-08T08:56:00-05:00,2024-04-08 08:56:00,59,6,,30,0,29.97,72,390,29.78
2024-04-08T07:56:00-05:00,2024-04-08 07:56:00,52,3,,10,0,29.97,93,188,29.77
2024-04-08T06:56:00-05:00,2024-04-08 06:56:00,46,0,,0,0,29.93,100,0,29.74
2024-04-08T04:56:00-05:00,2024-04-08 04:56:00,48,0,,0,0,29.92,100,0,29.72
2024-04-08T03:56:00-05:00,2024-04-08 03:56:00,52,0,,0,0,29.9,97,0,29.71
2024-04-08T02:56:00-05:00,2024-04-08 02:56:00,55,0,,0,0,29.91,86,0,29.72
2024-04-08T01:56:00-05:00,2024-04-08 01:56:00,56,0,,0,0,29.91,90,0,29.72
2024-04-08T00:56:00-05:00,2024-04-08 00:56:00,57,3,,160,0,29.92,83,0,29.72
2024-04-07T23:56:00-05:00,2024-04-07 23:56:00,59,0,,0,0,29.89,72,0,29.7
2024-04-07T22:56:00-05:00,2024-04-07 22:56:00,58,0,,0,0,29.89,90,0,29.69
2024-04-07T21:56:00-05:00,2024-04-07 21:56:00,58,0,,0,0,29.87,75,0,29.68
2024-04-07T20:56:00-05:00,2024-04-07 20:56:00,61,0,,0,0,29.85,75,0,29.66
2024-04-07T19:56:00-05:00,2024-04-07 19:56:00,70,0,,0,0,29.84,39,0,29.65
2024-04-07T18:56:00-05:00,2024-04-07 18:56:00,76,8,,250,0,29.83,32,105,29.64
2024-04-07T17:56:00-05:00,2024-04-07 17:56:00,78,12,,260,0,29.83,32,313,29.63
2024-04-07T16:56:00-05:00,2024-04-07 16:56:00,79,15,,240,0,29.82,34,501,29.63
2024-04-07T15:56:00-05:00,2024-04-07 15:56:00,80,17,22,230,0,29.81,35,659,29.62
2024-04-07T14:56:00-05:00,2024-04-07 14:56:00,80,17,26,200,0,29.83,33,487,29.64
2024-04-07T13:56:00-05:00,2024-04-07 13:56:00,79,15,22,220,0,29.85,41,837,29.66
2024-04-07T12:56:00-05:00,2024-04-07 12:56:00,78,14,,240,0,29.85,56,847,29.66
2024-04-07T11:56:00-05:00,2024-04-07 11:56:00,74,10,21,220,0.01,29.88,74,201,29.68
2024-04-07T10:56:00-05:00,2024-04-07 10:56:00,69,6,,190,0.01,29.87,93,177,29.68
2024-04-07T09:56:00-05:00,2024-04-07 09:56:00,68,10,,170,0.01,29.87,90,141,29.68
2024-04-07T08:56:00-05:00,2024-04-07 08:56:00,66,8,,170,0,29.87,93,96,29.67
2024-04-07T07:56:00-05:00,2024-04-07 07:56:00,66,7,,180,0.01,29.86,90,46,29.67
2024-04-07T06:56:00-05:00,2024-04-07 06:56:00,64,3,,160,0,29.84,90,0,29.65
2024-04-07T05:56:00-05:00,2024-04-07 05:56:00,63,3,,-1,0,29.83,87,0,29.64
2024-04-07T04:56:00-05:00,2024-04-07 04:56:00,63,0,,0,0,29.84,81,0,29.65
2024-04-07T03:56:00-05:00,2024-04-07 03:56:00,63,3,,170,0,29.85,78,0,29.66
2024-04-07T02:56:00-05:00,2024-04-07 02:56:00,58,0,,0,0,29.84,90,0,29.65
2024-04-07T01:56:00-05:00,2024-04-07 01:56:00,63,5,,180,0,29.85,72,0,29.66
2024-04-07T00:56:00-05:00,2024-04-07 00:56:00,66,,,,0,29.85,65,0,29.66
2024-04-06T23:56:00-05:00,2024-04-06 23:56:00,62,3,,-1,0,29.87,70,0,29.68
2024-04-06T22:56:00-05:00,2024-04-06 22:56:00,61,0,,0,0,29.88,70,0,29.68
2024-04-06T21:56:00-05:00,2024-04-06 21:56:00,62,0,,0,0,29.88,62,0,29.69
2024-04-06T19:56:00-05:00,2024-04-06 19:56:00,65,0,,0,0,29.87,61,0,29.68
2024-04-06T18:56:00-05:00,2024-04-06 18:56:00,72,5,,-1,0,29.88,46,103,29.68
2024-04-06T17:56:00-05:00,2024-04-06 17:56:00,75,8,16,130,0,29.88,41,310,29.69
2024-04-06T16:56:00-05:00,2024-04-06 16:56:00,76,6,,-1,0,29.9,42,499,29.71
2024-04-06T15:56:00-05:00,2024-04-06 15:56:00,76,5,,-1,0,29.93,39,656,29.73
2024-04-06T14:56:00-05:00,2024-04-06 14:56:00,77,6,,120,0,29.96,39,771,29.77
2024-04-06T13:56:00-05:00,2024-04-06 13:56:00,72,5,,-1,0,30.01,43,836,29.82
2024-04-06T12:56:00-05:00,2024-04-06 12:56:00,69,7,,-1,0,30.06,44,846,29.86
2024-04-06T11:56:00-05:00,2024-04-06 11:56:00,65,6,,100,0,30.09,50,801,29.9
2024-04-06T10:56:00-05:00,2024-04-06 10:56:00,60,0,,0,0,30.11,60,703,29.92
2024-04-06T09:56:00-05:00,2024-04-06 09:56:00,56,6,,80,0,30.12,62,560,29.92
2024-04-06T08:56:00-05:00,2024-04-06 08:56:00,54,0,,0,0,30.11,71,381,29.91
2024-04-06T06:56:00-05:00,2024-04-06 06:56:00,51,3,,50,0,30.1,71,0,29.91
2024-04-06T05:56:00-05:00,2024-04-06 05:56:00,51,5,,40,0,30.08,71,0,29.89
2024-04-06T04:56:00-05:00,2024-04-06 04:56:00,52,5,,30,0,30.08,71,0,29.89
2024-04-06T03:56:00-05:00,2024-04-06 03:56:00,51,,,,0,30.09,77,0,29.89
2024-04-06T02:56:00-05:00,2024-04-06 02:56:00,55,0,,0,0,30.09,64,0,29.89
2024-04-06T01:56:00-05:00,2024-04-06 01:56:00,54,0,,0,0,30.09,64,0,29.9
2024-04-06T00:56:00-05:00,2024-04-06 00:56:00,56,3,,40,0,30.09,60,0,29.9
2024-04-05T23:56:00-05:00,2024-04-05 23:56:00,58,3,,60,0,30.09,57,0,29.89
2024-04-05T22:56:00-05:00,2024-04-05 22:56:00,58,3,,50,0,30.09,60,0,29.89
2024-04-05T21:56:00-05:00,2024-04-05 21:56:00,56,0,,0,0,30.07,77,0,29.87
2024-04-05T20:56:00-05:00,2024-04-05 20:56:00,58,0,,0,0,30.04,72,0,29.84
2024-04-05T19:56:00-05:00,2024-04-05 19:56:00,63,0,,0,0,30.02,60,0,29.82
2024-04-05T18:56:00-05:00,2024-04-05 18:56:00,71,0,,0,0,30.02,45,100,29.82
2024-04-05T16:56:00-05:00,2024-04-05 16:56:00,74,3,,-1,0,30.02,32,497,29.83
2024-04-05T15:56:00-05:00,2024-04-05 15:56:00,72,3,,-1,0,30.03,30,654,29.84
2024-04-05T14:56:00-05:00,2024-04-05 14:56:00,71,0,,0,0,30.06,30,769,29.86
2024-04-05T13:56:00-05:00,2024-04-05 13:56:00,69,0,,0,0,30.08,32,833,29.88
2024-04-05T12:56:00-05:00,2024-04-05 12:56:00,67,5,,-1,0,30.11,34,843,29.91
2024-04-04T14:56:00-05:00,2024-04-04 14:56:00,72,10,23,310,0,29.9,19,766,29.7
2024-04-04T13:56:00-05:00,2024-04-04 13:56:00,70,14,21,310,0,29.92,20,830,29.72
2024-04-04T12:56:00-05:00,2024-04-04 12:56:00,68,15,23,270,0,29.95,25,840,29.75
2024-04-04T11:56:00-05:00,2024-04-04 11:56:00,65,12,18,300,0,29.97,29,794,29.77
2024-04-04T10:56:00-05:00,2024-04-04 10:56:00,62,10,,320,0,29.98,31,696,29.78
2024-04-04T09:56:00-05:00,2024-04-04 09:56:00,59,12,,350,0,29.97,36,552,29.77
2024-04-04T08:56:00-05:00,2024-04-04 08:56:00,56,8,,320,0,29.95,40,373,29.76
2024-04-04T07:56:00-05:00,2024-04-04 07:56:00,44,3,,310,0,29.93,73,169,29.73
2024-04-04T06:56:00-05:00,2024-04-04 06:56:00,38,0,,0,0,29.9,85,0,29.7
2024-04-04T05:56:00-05:00,2024-04-04 05:56:00,39,0,,0,0,29.89,79,0,29.7
2024-04-04T04:56:00-05:00,2024-04-04 04:56:00,39,3,,170,0,29.89,86,0,29.69
2024-04-04T03:56:00-05:00,2024-04-04 03:56:00,40,0,,0,0,29.88,79,0,29.68
2024-04-04T02:56:00-05:00,2024-04-04 02:56:00,40,0,,0,0,29.88,86,0,29.68
2024-04-04T01:56:00-05:00,2024-04-04 01:56:00,41,0,,0,0,29.89,82,0,29.69
2024-04-04T00:56:00-05:00,2024-04-04 00:56:00,40,0,,0,0,29.89,93,0,29.7
2024-04-03T23:56:00-05:00,2024-04-03 23:56:00,43,0,,0,0,29.89,82,0,29.69
2024-04-03T22:56:00-05:00,2024-04-03 22:56:00,46,3,,290,0,29.89,73,0,29.7
2024-04-03T21:56:00-05:00,2024-04-03 21:56:00,52,3,,250,0,29.88,44,0,29.69
2024-04-03T19:56:00-05:00,2024-04-03 19:56:00,58,9,17,310,0,29.85,30,0,29.65
2024-04-03T18:56:00-05:00,2024-04-03 18:56:00,61,10,22,330,0,29.83,27,95,29.63
2024-04-03T17:56:00-05:00,2024-04-03 17:56:00,64,15,25,320,0,29.81,22,303,29.61
2024-04-03T16:56:00-05:00,2024-04-03 16:56:00,64,12,21,330,0,29.79,26,492,29.6
2024-04-03T15:56:00-05:00,2024-04-03 15:56:00,65,14,25,330,0,29.79,24,649,29.6
2024-04-03T14:56:00-05:00,2024-04-03 14:56:00,64,17,35,300,0,29.8,23,763,29.6
2024-04-03T13:56:00-05:00,2024-04-03 13:56:00,63,13,21,300,0,29.81,29,827,29.62
2024-04-03T12:56:00-05:00,2024-04-03 12:56:00,62,18,26,330,0,29.83,31,837,29.63
2024-04-03T11:56:00-05:00,2024-04-03 11:56:00,59,17,24,320,0,29.85,33,790,29.65
2024-04-03T10:56:00-05:00,2024-04-03 10:56:00,58,22,29,330,0,29.84,33,692,29.65
2024-04-03T09:56:00-05:00,2024-04-03 09:56:00,56,15,23,320,0,29.85,45,548,29.66
2024-04-03T08:56:00-05:00,2024-04-03 08:56:00,51,7,,260,0,29.86,65,352,29.66
2024-04-03T07:56:00-05:00,2024-04-03 07:56:00,45,0,,0,0,29.85,90,165,29.65
2024-04-03T06:56:00-05:00,2024-04-03 06:56:00,42,3,,250,0,29.83,96,0,29.63
2024-04-03T05:56:00-05:00,2024-04-03 05:56:00,42,3,,250,0,29.81,96,0,29.62
2024-04-03T04:56:00-05:00,2024-04-03 04:56:00,43,5,,220,0,29.82,89,0,29.62
2024-04-03T03:56:00-05:00,2024-04-03 03:56:00,44,5,,230,0,29.83,85,0,29.63
2024-04-03T02:56:00-05:00,2024-04-03 02:56:00,46,6,,280,0,29.85,79,0,29.66
2024-04-03T01:56:00-05:00,2024-04-03 01:56:00,47,3,,280,0,29.88,80,0,29.68
2024-04-03T00:56:00-05:00,2024-04-03 00:56:00,49,5,,260,0,29.9,74,0,29.7
2024-04-02T23:56:00-05:00,2024-04-02 23:56:00,53,6,,310,0,29.9,61,0,29.71
2024-04-02T22:56:00-05:00,2024-04-02 22:56:00,54,12,18,300,0,29.9,61,0,29.71
2024-04-02T21:56:00-05:00,2024-04-02 21:56:00,54,10,,310,0,29.89,61,0,29.7
2024-04-02T20:56:00-05:00,2024-04-02 20:56:00,54,10,,310,0,29.88,64,0,29.68
2024-04-02T19:56:00-05:00,2024-04-02 19:56:00,55,10,,310,0,29.84,64,0,29.65
2024-04-02T18:56:00-05:00,2024-04-02 18:56:00,56,13,25,330,0,29.8,64,23,29.61
2024-04-02T17:56:00-05:00,2024-04-02 17:56:00,59,9,21,300,0,29.78,60,189,29.58
2024-04-02T16:56:00-05:00,2024-04-02 16:56:00,62,13,30,290,0,29.73,58,467,29.54
2024-04-02T15:56:00-05:00,2024-04-02 15:56:00,70,17,26,320,0,29.69,53,407,29.5
2024-04-02T14:56:00-05:00,2024-04-02 14:56:00,74,16,25,270,0,29.67,50,726,29.47
2024-04-02T13:56:00-05:00,2024-04-02 13:56:00,75,13,23,260,0,29.67,48,822,29.48
2024-04-02T12:56:00-05:00,2024-04-02 12:56:00,75,18,25,240,0,29.67,50,833,29.48
2024-04-02T11:56:00-05:00,2024-04-02 11:56:00,75,10,22,240,0,29.67,50,787,29.48
2024-04-02T10:56:00-05:00,2024-04-02 10:56:00,73,15,23,250,0,29.67,57,688,29.48
2024-04-02T09:56:00-05:00,2024-04-02 09:56:00,71,12,17,240,0,29.68,66,542,29.49
2024-04-02T08:56:00-05:00,2024-04-02 08:56:00,70,9,17,230,0,29.67,78,364,29.48
2024-04-02T07:56:00-05:00,2024-04-02 07:56:00,67,6,,240,0,29.64,93,160,29.45
2024-04-02T06:56:00-05:00,2024-04-02 06:56:00,69,10,,220,0.01,29.67,93,0,29.48
2024-04-02T05:56:00-05:00,2024-04-02 05:56:00,71,10,,220,0.01,29.67,96,0,29.48
2024-04-02T04:56:00-05:00,2024-04-02 04:56:00,71,5,,220,0,29.63,93,0,29.44
2024-04-02T03:56:00-05:00,2024-04-02 03:56:00,71,6,,210,0,29.62,93,0,29.43
2024-04-02T02:56:00-05:00,2024-04-02 02:56:00,72,6,,200,0,29.65,91,0,29.46
2024-04-02T01:56:00-05:00,2024-04-02 01:56:00,72,12,,180,0,29.63,91,0,29.44
2024-04-02T00:56:00-05:00,2024-04-02 00:56:00,72,8,21,180,0,29.62,87,0,29.43
2024-04-01T23:56:00-05:00,2024-04-01 23:56:00,72,6,,180,0,29.68,84,0,29.49
2024-04-01T22:56:00-05:00,2024-04-01 22:56:00,73,7,,170,0,29.71,79,0,29.52
2024-04-01T21:56:00-05:00,2024-04-01 21:56:00,72,3,,200,0,29.71,82,0,29.52
2024-04-01T20:56:00-05:00,2024-04-01 20:56:00,74,7,,190,0,29.67,74,0,29.48
2024-04-01T19:56:00-05:00,2024-04-01 19:56:00,75,8,,160,0,29.65,74,0,29.46
2024-04-01T18:56:00-05:00,2024-04-01 18:56:00,77,6,,150,0,29.64,66,90,29.45
2024-04-01T17:56:00-05:00,2024-04-01 17:56:00,79,12,,160,0,29.67,69,298,29.47
2024-04-01T16:56:00-05:00,2024-04-01 16:56:00,80,8,,170,0,29.69,71,306,29.5
2024-04-01T15:56:00-05:00,2024-04-01 15:56:00,79,12,17,180,0,29.71,74,161,29.52
2024-04-01T14:56:00-05:00,2024-04-01 14:56:00,77,8,,190,0,29.73,79,189,29.54
2024-04-01T13:56:00-05:00,2024-04-01 13:56:00,76,9,,170,0,29.75,82,205,29.56
2024-04-01T12:56:00-05:00,2024-04-01 12:56:00,75,10,,180,0,29.78,84,207,29.58
2024-04-01T11:56:00-05:00,2024-04-01 11:56:00,72,9,,190,0,29.81,91,196,29.62
2024-04-01T10:56:00-05:00,2024-04-01 10:56:00,71,7,,190,0,29.84,90,171,29.64
2024-04-01T09:56:00-05:00,2024-04-01 09:56:00,68,5,,170,0,29.84,96,135,29.64
2024-04-01T08:56:00-05:00,2024-04-01 08:56:00,67,6,,170,0,29.84,97,90,29.65
2024-04-01T07:56:00-05:00,2024-04-01 07:56:00,66,6,,160,0,29.84,96,39,29.65
2024-04-01T06:56:00-05:00,2024-04-01 06:56:00,65,3,,150,0,29.84,100,0,29.65
2024-04-01T05:56:00-05:00,2024-04-01 05:56:00,65,0,,0,0,29.85,100,0,29.65
2024-04-01T04:56:00-05:00,2024-04-01 04:56:00,67,7,,200,0,29.82,93,0,29.63
2024-04-01T03:56:00-05:00,2024-04-01 03:56:00,68,12,,180,0,29.81,93,0,29.62
2024-04-01T02:56:00-05:00,2024-04-01 02:56:00,68,7,,180,0,29.83,96,0,29.63
2024-04-01T01:56:00-05:00,2024-04-01 01:56:00,69,6,,190,0,29.84,93,0,29.65
2024-04-01T00:56:00-05:00,2024-04-01 00:56:00,69,5,,180,0,29.83,93,0,29.64
2024-03-31T23:56:00-05:00,2024-03-31 23:56:00,69,7,,180,0,29.82,93,0,29.63
2024-03-31T22:56:00-05:00,2024-03-31 22:56:00,69,7,,170,0,29.83,93,0,29.63
2024-03-31T21:56:00-05:00,2024-03-31 21:56:00,70,5,,160,0,29.84,90,0,29.65
2024-03-31T20:56:00-05:00,2024-03-31 20:56:00,71,5,,180,0,29.84,87,0,29.64
2024-03-31T19:56:00-05:00,2024-03-31 19:56:00,72,6,,170,0,29.83,84,0,29.64
2024-03-31T18:56:00-05:00,2024-03-31 18:56:00,73,7,,170,0,29.82,81,22,29.63
2024-03-31T17:56:00-05:00,2024-03-31 17:56:00,74,9,,190,0,29.83,79,74,29.64
2024-03-31T16:56:00-05:00,2024-03-31 16:56:00,76,15,20,190,0,29.82,74,305,29.63
2024-03-31T15:56:00-05:00,2024-03-31 15:56:00,76,8,,200,0,29.85,74,160,29.66
2024-03-31T14:56:00-05:00,2024-03-31 14:56:00,75,8,,220,0,29.87,74,189,29.68
2024-03-31T13:56:00-05:00,2024-03-31 13:56:00,73,9,,210,0,29.91,79,205,29.71
2024-03-31T12:56:00-05:00,2024-03-31 12:56:00,73,14,,200,0,29.91,76,207,29.72
2024-03-31T11:56:00-05:00,2024-03-31 11:56:00,72,9,,210,0,29.93,79,195,29.74
2024-03-31T10:56:00-05:00,2024-03-31 10:56:00,70,7,,200,0,29.94,84,428,29.75
2024-03-31T09:56:00-05:00,2024-03-31 09:56:00,66,9,,180,0,29.95,90,134,29.75
2024-03-31T08:56:00-05:00,2024-03-31 08:56:00,64,5,,170,0,29.94,93,354,29.75
2024-03-31T07:56:00-05:00,2024-03-31 07:56:00,61,0,,0,0,29.94,100,151,29.75
2024-03-31T06:56:00-05:00,2024-03-31 06:56:00,61,0,,0,0,29.94,100,0,29.75
2024-03-31T05:56:00-05:00,2024-03-31 05:56:00,64,6,,210,0,29.91,90,0,29.72
2024-03-31T04:56:00-05:00,2024-03-31 04:56:00,62,3,,210,0,29.91,96,0,29.72
2024-03-31T03:56:00-05:00,2024-03-31 03:56:00,63,3,,200,0,29.91,93,0,29.72
2024-03-31T02:56:00-05:00,2024-03-31 02:56:00,63,5,,210,0,29.92,93,0,29.72
2024-03-31T01:56:00-05:00,2024-03-31 01:56:00,61,0,,0,0,29.91,97,0,29.72
2024-03-31T00:56:00-05:00,2024-03-31 00:56:00,62,3,,160,0,29.92,93,0,29.73
2024-03-30T23:56:00-05:00,2024-03-30 23:56:00,61,0,,0,0,29.93,97,0,29.73
2024-03-30T22:56:00-05:00,2024-03-30 22:56:00,61,0,,0,0,29.93,93,0,29.73
2024-03-30T21:56:00-05:00,2024-03-30 21:56:00,63,0,,0,0,29.93,90,0,29.74
2024-03-30T20:56:00-05:00,2024-03-30 20:56:00,67,5,,190,0,29.92,79,0,29.73
2024-03-30T19:56:00-05:00,2024-03-30 19:56:00,70,6,,190,0,29.92,73,0,29.73
2024-03-30T18:56:00-05:00,2024-03-30 18:56:00,73,6,,210,0,29.93,68,53,29.73
2024-03-30T17:56:00-05:00,2024-03-30 17:56:00,74,13,,210,0,29.93,66,184,29.73
2024-03-30T16:56:00-05:00,2024-03-30 16:56:00,75,12,17,200,0,29.92,62,303,29.73
2024-03-30T15:56:00-05:00,2024-03-30 15:56:00,74,12,,210,0,29.94,66,159,29.75
2024-03-30T14:56:00-05:00,2024-03-30 14:56:00,72,12,,210,0,29.96,68,188,29.76
2024-03-30T13:56:00-05:00,2024-03-30 13:56:00,72,9,,210,0,29.98,71,204,29.79
2024-03-30T12:56:00-05:00,2024-03-30 12:56:00,71,14,,240,0,30,70,206,29.81
2024-03-30T11:56:00-05:00,2024-03-30 11:56:00,68,8,,200,0,30.03,73,194,29.84
2024-03-30T10:56:00-05:00,2024-03-30 10:56:00,63,6,,220,0,30.04,81,169,29.85
2024-03-30T09:56:00-05:00,2024-03-30 09:56:00,61,7,,200,0,30.04,83,133,29.85
2024-03-30T08:56:00-05:00,2024-03-30 08:56:00,59,6,,170,0,30.04,83,88,29.84
2024-03-30T07:56:00-05:00,2024-03-30 07:56:00,57,0,,0,0,30.02,87,37,29.83
2024-03-30T06:56:00-05:00,2024-03-30 06:56:00,55,3,,170,0,30.01,89,0,29.82
2024-03-30T05:56:00-05:00,2024-03-30 05:56:00,58,3,,160,0,30,81,0,29.81
2024-03-30T04:56:00-05:00,2024-03-30 04:56:00,60,0,,0,0,29.99,75,0,29.8
2024-03-30T03:56:00-05:00,2024-03-30 03:56:00,59,0,,0,0,29.99,77,0,29.8
2024-03-30T02:56:00-05:00,2024-03-30 02:56:00,59,0,,0,0,29.98,72,0,29.79
2024-03-30T01:56:00-05:00,2024-03-30 01:56:00,60,6,,210,0,29.98,67,0,29.79
2024-03-30T00:56:00-05:00,2024-03-30 00:56:00,63,8,,210,0,29.97,58,0,29.78
2024-03-29T23:56:00-05:00,2024-03-29 23:56:00,63,8,,190,0,29.95,56,0,29.75
2024-03-29T22:56:00-05:00,2024-03-29 22:56:00,61,6,,180,0,29.94,62,0,29.74
2024-03-29T21:56:00-05:00,2024-03-29 21:56:00,59,6,,160,0,29.95,72,0,29.76
2024-03-29T20:56:00-05:00,2024-03-29 20:56:00,62,3,,190,0,29.96,72,0,29.77
2024-03-29T19:56:00-05:00,2024-03-29 19:56:00,68,5,,180,0,29.95,50,0,29.76
2024-03-29T18:56:00-05:00,2024-03-29 18:56:00,71,6,,200,0,29.96,45,82,29.77
2024-03-29T17:56:00-05:00,2024-03-29 17:56:00,74,13,17,200,0,29.96,38,290,29.76
2024-03-29T16:56:00-05:00,2024-03-29 16:56:00,75,9,,180,0,29.96,41,479,29.76
2024-03-29T15:56:00-05:00,2024-03-29 15:56:00,77,13,,190,0,29.98,40,635,29.79
2024-03-29T14:56:00-05:00,2024-03-29 14:56:00,76,10,20,200,0,30.01,42,749,29.81
2024-03-29T12:56:00-05:00,2024-03-29 12:56:00,72,14,,180,0,30.07,51,820,29.88
2024-03-29T11:56:00-05:00,2024-03-29 11:56:00,70,10,,200,0,30.11,55,772,29.91
2024-03-29T10:56:00-05:00,2024-03-29 10:56:00,66,12,,190,0,30.12,59,672,29.93
2024-03-29T09:56:00-05:00,2024-03-29 09:56:00,58,6,,180,0,30.14,72,527,29.94
2024-03-29T08:56:00-05:00,2024-03-29 08:56:00,50,0,,0,0,30.14,83,346,29.95
2024-03-29T07:56:00-05:00,2024-03-29 07:56:00,44,0,,0,0,30.14,100,141,29.95
2024-03-29T06:56:00-05:00,2024-03-29 06:56:00,41,,,,0,30.14,100,0,29.95
2024-03-29T05:56:00-05:00,2024-03-29 05:56:00,42,0,,0,0,30.14,100,0,29.95
2024-03-29T04:56:00-05:00,2024-03-29 04:56:00,42,0,,0,0,30.13,100,0,29.94
2024-03-29T03:56:00-05:00,2024-03-29 03:56:00,44,0,,0,0,30.14,100,0,29.94
2024-03-29T02:56:00-05:00,2024-03-29 02:56:00,45,0,,0,0,30.15,93,0,29.95
2024-03-29T01:56:00-05:00,2024-03-29 01:56:00,44,3,,10,0,30.15,100,0,29.95
2024-03-29T00:56:00-05:00,2024-03-29 00:56:00,46,0,,0,0,30.15,96,0,29.96
2024-03-28T23:56:00-05:00,2024-03-28 23:56:00,47,0,,0,0,30.16,100,0,29.96
2024-03-28T22:56:00-05:00,2024-03-28 22:56:00,49,0,,0,0,30.16,97,0,29.97
2024-03-28T21:56:00-05:00,2024-03-28 21:56:00,52,0,,0,0,30.16,83,0,29.97
2024-03-28T20:56:00-05:00,2024-03-28 20:56:00,54,0,,0,0,30.15,80,0,29.96
2024-03-28T19:56:00-05:00,2024-03-28 19:56:00,60,0,,0,0,30.15,53,0,29.95
2024-03-28T18:56:00-05:00,2024-03-28 18:56:00,66,5,,210,0,30.15,45,79,29.95
2024-03-28T17:56:00-05:00,2024-03-28 17:56:00,69,7,,190,0,30.14,34,287,29.95
2024-03-28T16:56:00-05:00,2024-03-28 16:56:00,69,6,,200,0,30.15,34,476,29.96
2024-03-28T15:56:00-05:00,2024-03-28 15:56:00,69,5,,-1,0,30.16,31,632,29.97
2024-03-28T14:56:00-05:00,2024-03-28 14:56:00,68,6,,200,0,30.2,33,746,30.01
2024-03-28T13:56:00-05:00,2024-03-28 13:56:00,66,6,,-1,0,30.23,35,808,30.03
2024-03-28T12:56:00-05:00,2024-03-28 12:56:00,64,0,,0,0,30.26,37,816,30.06
2024-03-28T11:56:00-05:00,2024-03-28 11:56:00,62,7,,200,0,30.28,42,768,30.08
2024-03-28T10:56:00-05:00,2024-03-28 10:56:00,59,5,,150,0,30.28,47,668,30.09
2024-03-28T09:56:00-05:00,2024-03-28 09:56:00,54,0,,0,0,30.28,66,522,30.09
2024-03-28T08:56:00-05:00,2024-03-28 08:56:00,48,0,,0,0,30.29,83,341,30.1
2024-03-28T07:56:00-05:00,2024-03-28 07:56:00,41,0,,0,0,30.29,100,137,30.09
2024-03-28T06:56:00-05:00,2024-03-28 06:56:00,39,0,,0,0,30.25,100,0,30.06
2024-03-28T05:56:00-05:00,2024-03-28 05:56:00,41,0,,0,0,30.24,100,0,30.04
2024-03-28T04:56:00-05:00,2024-03-28 04:56:00,42,0,,0,0,30.23,100,0,30.03
2024-03-28T03:56:00-05:00,2024-03-28 03:56:00,46,0,,0,0,30.22,93,0,30.03
2024-03-28T02:56:00-05:00,2024-03-28 02:56:00,46,0,,0,0,30.23,93,0,30.03
2024-03-28T01:56:00-05:00,2024-03-28 01:56:00,45,0,,0,0,30.22,97,0,30.03
2024-03-28T00:56:00-05:00,2024-03-28 00:56:00,46,0,,0,0,30.22,96,0,30.02
2024-03-27T23:56:00-05:00,2024-03-27 23:56:00,45,3,,240,0,30.2,97,0,30.01
2024-03-27T22:56:00-05:00,2024-03-27 22:56:00,48,0,,0,0,30.2,86,0,30
2024-03-27T21:56:00-05:00,2024-03-27 21:56:00,48,0,,0,0,30.19,93,0,29.99
2024-03-27T20:56:00-05:00,2024-03-27 20:56:00,51,0,,0,0,30.17,74,0,29.97
2024-03-27T19:56:00-05:00,2024-03-27 19:56:00,56,0,,0,0,30.15,57,0,29.95
2024-03-27T18:56:00-05:00,2024-03-27 18:56:00,60,5,,80,0,30.13,42,76,29.94
2024-03-27T17:56:00-05:00,2024-03-27 17:56:00,62,0,,0,0,30.13,36,285,29.93
2024-03-27T16:56:00-05:00,2024-03-27 16:56:00,62,3,,20,0,30.13,36,473,29.93
2024-03-27T15:56:00-05:00,2024-03-27 15:56:00,61,3,,-1,0,30.13,36,629,29.93
2024-03-27T14:56:00-05:00,2024-03-27 14:56:00,59,3,,-1,0,30.14,40,743,29.94
2024-03-27T13:56:00-05:00,2024-03-27 13:56:00,57,6,,20,0,30.16,45,805,29.96
2024-03-27T12:56:00-05:00,2024-03-27 12:56:00,55,8,,360,0,30.18,51,812,29.98
2024-03-27T11:56:00-05:00,2024-03-27 11:56:00,53,10,,10,0,30.19,54,764,29.99
2024-03-27T10:56:00-05:00,2024-03-27 10:56:00,50,6,,20,0,30.2,61,664,30
2024-03-27T09:56:00-05:00,2024-03-27 09:56:00,48,8,,70,0,30.19,66,518,29.99
2024-03-27T08:56:00-05:00,2024-03-27 08:56:00,44,3,,-1,0,30.16,73,336,29.97
2024-03-27T07:56:00-05:00,2024-03-27 07:56:00,38,3,,340,0,30.14,97,132,29.94
2024-03-27T06:56:00-05:00,2024-03-27 06:56:00,37,0,,0,0,30.09,96,0,29.89
2024-03-27T05:56:00-05:00,2024-03-27 05:56:00,39,3,,-1,0,30.04,89,0,29.84
2024-03-27T04:56:00-05:00,2024-03-27 04:56:00,40,3,,50,0,30.04,93,0,29.84
2024-03-27T03:56:00-05:00,2024-03-27 03:56:00,39,0,,0,0,30.05,100,0,29.85
2024-03-27T02:56:00-05:00,2024-03-27 02:56:00,39,0,,0,0,30.06,100,0,29.86
2024-03-27T01:56:00-05:00,2024-03-27 01:56:00,41,0,,0,0,30.05,96,0,29.86
2024-03-27T00:56:00-05:00,2024-03-27 00:56:00,41,0,,0,0,30.05,93,0,29.85
2024-03-26T23:56:00-05:00,2024-03-26 23:56:00,44,0,,0,0,30.04,96,0,29.84
2024-03-26T22:56:00-05:00,2024-03-26 22:56:00,46,0,,0,0,30.03,89,0,29.83
2024-03-26T21:56:00-05:00,2024-03-26 21:56:00,51,5,,350,0,29.99,61,0,29.79
2024-03-26T20:56:00-05:00,2024-03-26 20:56:00,51,6,,310,0,29.96,68,0,29.76
2024-03-26T19:56:00-05:00,2024-03-26 19:56:00,52,0,,0,0,29.92,71,0,29.72
2024-03-26T18:56:00-05:00,2024-03-26 18:56:00,57,6,,220,0,29.91,55,74,29.71
2024-03-26T17:56:00-05:00,2024-03-26 17:56:00,60,8,17,230,0,29.89,44,282,29.69
2024-03-26T16:56:00-05:00,2024-03-26 16:56:00,60,10,,260,0,29.88,44,470,29.68
2024-03-26T15:56:00-05:00,2024-03-26 15:56:00,60,9,,250,0,29.88,47,627,29.68
2024-03-26T14:56:00-05:00,2024-03-26 14:56:00,57,5,,-1,0,29.88,47,740,29.68
2024-03-26T13:56:00-05:00,2024-03-26 13:56:00,54,10,,250,0,29.9,53,802,29.7
2024-03-26T12:56:00-05:00,2024-03-26 12:56:00,52,6,,-1,0,29.91,57,809,29.72
2024-03-26T11:56:00-05:00,2024-03-26 11:56:00,50,6,16,220,0,29.93,56,760,29.73
2024-03-26T10:56:00-05:00,2024-03-26 10:56:00,47,8,,250,0,29.92,60,660,29.73
2024-03-26T09:56:00-05:00,2024-03-26 09:56:00,44,7,,270,0,29.91,62,513,29.71
2024-03-26T08:56:00-05:00,2024-03-26 08:56:00,43,7,,260,0,29.89,70,332,29.7
2024-03-26T07:56:00-05:00,2024-03-26 07:56:00,39,,,,0,29.88,86,127,29.68
2024-03-26T06:56:00-05:00,2024-03-26 06:56:00,38,5,,270,0,29.82,89,0,29.62
2024-03-26T05:56:00-05:00,2024-03-26 05:56:00,40,3,,250,0,29.8,83,0,29.61
2024-03-26T04:56:00-05:00,2024-03-26 04:56:00,43,6,,270,0,29.77,73,0,29.57
2024-03-26T03:56:00-05:00,2024-03-26 03:56:00,45,9,,270,0,29.75,70,0,29.55
2024-03-26T02:56:00-05:00,2024-03-26 02:56:00,49,15,29,260,0,29.72,66,0,29.52
2024-03-26T01:56:00-05:00,2024-03-26 01:56:00,52,12,,260,0,29.69,93,0,29.5
2024-03-26T00:56:00-05:00,2024-03-26 00:56:00,53,9,,240,0,29.67,100,0,29.47
2024-03-25T23:56:00-05:00,2024-03-25 23:56:00,53,3,,200,0,29.63,100,0,29.44
2024-03-25T22:56:00-05:00,2024-03-25 22:56:00,52,3,,200,0.01,29.64,100,0,29.45
2024-03-25T21:56:00-05:00,2024-03-25 21:56:00,55,6,,240,0,29.64,100,0,29.45
2024-03-25T20:56:00-05:00,2024-03-25 20:56:00,53,3,,230,0,29.59,100,0,29.4
2024-03-25T19:56:00-05:00,2024-03-25 19:56:00,55,3,,230,0.01,29.54,100,0,29.34
2024-03-25T18:56:00-05:00,2024-03-25 18:56:00,56,0,,0,0.01,29.51,100,18,29.31
2024-03-25T17:56:00-05:00,2024-03-25 17:56:00,56,5,,80,0.01,29.48,100,70,29.29
2024-03-25T16:56:00-05:00,2024-03-25 16:56:00,57,0,,0,0.01,29.52,89,117,29.32
2024-03-25T15:56:00-05:00,2024-03-25 15:56:00,56,8,,330,0.14,29.52,97,156,29.33
2024-03-25T14:56:00-05:00,2024-03-25 14:56:00,56,8,,310,0.33,29.49,100,184,29.3
2024-03-25T13:56:00-05:00,2024-03-25 13:56:00,66,10,21,160,0.01,29.48,84,200,29.29
2024-03-25T12:56:00-05:00,2024-03-25 12:56:00,66,15,22,150,0,29.52,84,201,29.33
2024-03-25T09:56:00-05:00,2024-03-25 09:56:00,63,10,22,140,0,29.61,90,127,29.41
2024-03-25T08:56:00-05:00,2024-03-25 08:56:00,62,10,21,150,0,29.61,93,82,29.42
2024-03-25T07:56:00-05:00,2024-03-25 07:56:00,60,12,18,130,0.01,29.62,96,31,29.42
2024-03-25T06:56:00-05:00,2024-03-25 06:56:00,60,8,,150,0.01,29.63,93,0,29.44
2024-03-25T05:56:00-05:00,2024-03-25 05:56:00,59,6,,130,0.01,29.64,93,0,29.45
2024-03-25T04:56:00-05:00,2024-03-25 04:56:00,59,6,,120,0.01,29.65,90,0,29.46
2024-03-25T03:56:00-05:00,2024-03-25 03:56:00,61,5,,130,0,29.67,81,0,29.47
2024-03-25T02:56:00-05:00,2024-03-25 02:56:00,61,8,,130,0,29.66,78,0,29.47
2024-03-25T01:56:00-05:00,2024-03-25 01:56:00,61,8,20,120,0,29.67,75,0,29.48
2024-03-25T00:56:00-05:00,2024-03-25 00:56:00,61,10,20,130,0,29.67,72,0,29.48
2024-03-24T23:56:00-05:00,2024-03-24 23:56:00,59,6,,120,0,29.7,72,0,29.51
2024-03-24T22:56:00-05:00,2024-03-24 22:56:00,59,6,,120,0,29.72,72,0,29.53
2024-03-24T21:56:00-05:00,2024-03-24 21:56:00,59,3,,110,0,29.73,72,0,29.53
2024-03-24T20:56:00-05:00,2024-03-24 20:56:00,60,0,,0,0,29.74,69,0,29.54
2024-03-24T19:56:00-05:00,2024-03-24 19:56:00,60,6,,100,0,29.74,69,0,29.54
2024-03-24T18:56:00-05:00,2024-03-24 18:56:00,62,7,,140,0,29.71,62,68,29.52
2024-03-24T17:56:00-05:00,2024-03-24 17:56:00,64,7,,140,0,29.69,56,276,29.49
2024-03-24T16:56:00-05:00,2024-03-24 16:56:00,66,10,16,160,0,29.71,48,465,29.52
2024-03-24T15:56:00-05:00,2024-03-24 15:56:00,66,9,,130,0,29.73,50,621,29.54
2024-03-24T14:56:00-05:00,2024-03-24 14:56:00,64,9,16,150,0,29.77,52,733,29.58
2024-03-24T13:56:00-05:00,2024-03-24 13:56:00,60,6,,110,0,29.84,55,795,29.64
2024-03-24T12:56:00-05:00,2024-03-24 12:56:00,57,0,,0,0,29.9,59,801,29.7
2024-03-24T11:56:00-05:00,2024-03-24 11:56:00,55,3,,-1,0,29.93,62,752,29.74
2024-03-24T10:56:00-05:00,2024-03-24 10:56:00,51,5,,130,0,29.96,71,651,29.76
2024-03-24T09:56:00-05:00,2024-03-24 09:56:00,47,5,,80,0,29.97,80,504,29.77
2024-03-24T08:56:00-05:00,2024-03-24 08:56:00,46,0,,0,0,29.98,79,322,29.79
2024-03-24T07:56:00-05:00,2024-03-24 07:56:00,45,0,,0,0,29.98,82,117,29.78
2024-03-24T05:56:00-05:00,2024-03-24 05:56:00,45,0,,0,0,29.99,82,0,29.79
2024-03-24T04:56:00-05:00,2024-03-24 04:56:00,44,0,,0,0,30,93,0,29.81
2024-03-24T03:56:00-05:00,2024-03-24 03:56:00,44,3,,30,0,30.02,96,0,29.82
2024-03-24T02:56:00-05:00,2024-03-24 02:56:00,44,0,,0,0,30.04,96,0,29.84
2024-03-24T01:56:00-05:00,2024-03-24 01:56:00,45,0,,0,0,30.06,93,0,29.87
2024-03-24T00:56:00-05:00,2024-03-24 00:56:00,46,0,,0,0,30.07,89,0,29.87
2024-03-23T23:56:00-05:00,2024-03-23 23:56:00,47,0,,0,0,30.09,86,0,29.9
2024-03-23T22:56:00-05:00,2024-03-23 22:56:00,48,3,,-1,0,30.11,86,0,29.91
2024-03-23T21:56:00-05:00,2024-03-23 21:56:00,49,3,,80,0,30.13,86,0,29.93
2024-03-23T20:56:00-05:00,2024-03-23 20:56:00,50,3,,90,0,30.12,80,0,29.92
2024-03-23T19:56:00-05:00,2024-03-23 19:56:00,53,3,,80,0,30.11,74,0,29.91
2024-03-23T18:56:00-05:00,2024-03-23 18:56:00,57,6,,80,0,30.1,64,66,29.9
2024-03-23T17:56:00-05:00,2024-03-23 17:56:00,59,3,,80,0,30.08,62,274,29.89
2024-03-23T16:56:00-05:00,2024-03-23 16:56:00,61,7,,-1,0,30.09,56,462,29.9
2024-03-23T15:56:00-05:00,2024-03-23 15:56:00,61,5,,60,0,30.1,56,618,29.91
2024-03-23T14:56:00-05:00,2024-03-23 14:56:00,59,8,,360,0,30.13,60,730,29.94
2024-03-23T13:56:00-05:00,2024-03-23 13:56:00,58,13,17,10,0,30.15,65,791,29.96
2024-03-23T12:56:00-05:00,2024-03-23 12:56:00,56,10,17,20,0,30.19,66,798,29.99
2024-03-23T11:56:00-05:00,2024-03-23 11:56:00,54,10,,20,0,30.19,69,715,30
2024-03-23T10:56:00-05:00,2024-03-23 10:56:00,52,9,,20,0,30.2,71,647,30
2024-03-23T09:56:00-05:00,2024-03-23 09:56:00,50,10,18,30,0,30.19,74,500,30
2024-03-23T08:56:00-05:00,2024-03-23 08:56:00,48,13,20,30,0,30.17,76,318,29.97
2024-03-23T07:56:00-05:00,2024-03-23 07:56:00,48,8,,30,0,30.14,83,112,29.95
2024-03-23T06:56:00-05:00,2024-03-23 06:56:00,49,6,,40,0,30.11,83,0,29.91
2024-03-23T05:56:00-05:00,2024-03-23 05:56:00,50,6,,40,0,30.08,89,0,29.88
2024-03-23T04:56:00-05:00,2024-03-23 04:56:00,51,6,,30,0,30.04,92,0,29.84
2024-03-23T03:56:00-05:00,2024-03-23 03:56:00,54,5,,10,0,30.01,90,0,29.82
2024-03-23T02:56:00-05:00,2024-03-23 02:56:00,53,6,,360,0,30,100,0,29.8
2024-03-23T01:56:00-05:00,2024-03-23 01:56:00,49,5,,340,0,29.97,100,0,29.78
2024-03-23T01:02:00-05:00,2024-03-23 01:02:00,50,0,,0,0,29.96,100,0,29.76
2024-03-22T23:56:00-05:00,2024-03-22 23:56:00,51,0,,0,0,29.94,100,0,29.74
2024-03-22T22:56:00-05:00,2024-03-22 22:56:00,52,0,,0,0,29.94,100,0,29.74
2024-03-22T21:56:00-05:00,2024-03-22 21:56:00,51,0,,0,0,29.93,100,0,29.73
2024-03-22T20:56:00-05:00,2024-03-22 20:56:00,53,0,,0,0,29.91,100,0,29.72
2024-03-22T20:06:00-05:00,2024-03-22 20:06:00,55,0,,0,0,29.9,100,0,29.7
2024-03-22T18:56:00-05:00,2024-03-22 18:56:00,58,0,,0,0.01,29.88,97,16,29.68
2024-03-22T17:56:00-05:00,2024-03-22 17:56:00,60,0,,0,0.01,29.86,86,171,29.66
2024-03-22T16:56:00-05:00,2024-03-22 16:56:00,59,5,,350,0.01,29.84,87,289,29.64
2024-03-22T15:56:00-05:00,2024-03-22 15:56:00,58,0,,0,0.01,29.83,90,154,29.63
2024-03-22T14:56:00-05:00,2024-03-22 14:56:00,58,6,,20,0.01,29.83,93,182,29.64
2024-03-22T13:56:00-05:00,2024-03-22 13:56:00,58,0,,0,0.06,29.84,97,197,29.65
2024-03-22T12:56:00-05:00,2024-03-22 12:56:00,55,0,,0,0.14,29.84,96,198,29.64
2024-03-22T11:56:00-05:00,2024-03-22 11:56:00,54,8,,20,0.19,29.84,100,186,29.65
2024-03-22T10:56:00-05:00,2024-03-22 10:56:00,54,7,,30,0,29.85,100,161,29.65
2024-03-22T09:56:00-05:00,2024-03-22 09:56:00,54,7,,30,0,29.84,100,124,29.65
2024-03-22T08:56:00-05:00,2024-03-22 08:56:00,54,0,,0,0,29.85,100,78,29.66
2024-03-22T07:56:00-05:00,2024-03-22 07:56:00,54,3,,50,0.01,29.85,100,27,29.66
2024-03-22T06:56:00-05:00,2024-03-22 06:56:00,54,0,,0,0.01,29.85,100,0,29.65
2024-03-22T05:56:00-05:00,2024-03-22 05:56:00,55,0,,0,0,29.84,93,0,29.65
2024-03-22T04:56:00-05:00,2024-03-22 04:56:00,55,0,,0,0,29.85,89,0,29.65
2024-03-22T03:56:00-05:00,2024-03-22 03:56:00,56,0,,0,0,29.87,87,0,29.67
2024-03-22T02:56:00-05:00,2024-03-22 02:56:00,56,3,,350,0,29.9,90,0,29.7
2024-03-22T01:56:00-05:00,2024-03-22 01:56:00,57,0,,0,0.01,29.91,87,0,29.72
2024-03-22T00:56:00-05:00,2024-03-22 00:56:00,58,0,,0,0.01,29.93,84,0,29.74
2024-03-21T23:56:00-05:00,2024-03-21 23:56:00,59,0,,0,0,29.94,81,0,29.75
2024-03-21T22:56:00-05:00,2024-03-21 22:56:00,59,5,,10,0,29.95,81,0,29.76
2024-03-21T21:56:00-05:00,2024-03-21 21:56:00,60,0,,0,0,29.96,78,0,29.76
2024-03-21T19:56:00-05:00,2024-03-21 19:56:00,61,5,,-1,0,29.95,75,0,29.76
2024-03-21T18:56:00-05:00,2024-03-21 18:56:00,63,6,,-1,0,29.95,70,15,29.75
2024-03-21T13:56:00-05:00,2024-03-21 13:56:00,64,0,,0,0,30.01,73,196,29.82
2024-03-21T12:56:00-05:00,2024-03-21 12:56:00,62,0,,0,0,30.04,75,498,29.85
2024-03-21T11:56:00-05:00,2024-03-21 11:56:00,59,3,,350,0,30.06,77,185,29.86
2024-03-21T10:56:00-05:00,2024-03-21 10:56:00,58,0,,0,0,30.06,81,638,29.87
2024-03-21T09:56:00-05:00,2024-03-21 09:56:00,52,5,,10,0.01,30.08,89,309,29.88
2024-03-21T08:56:00-05:00,2024-03-21 08:56:00,50,3,,10,0.01,30.07,93,77,29.87
2024-03-21T07:56:00-05:00,2024-03-21 07:56:00,49,0,,0,0,30.07,97,102,29.88
2024-03-21T06:56:00-05:00,2024-03-21 06:56:00,48,0,,0,0,30.06,96,0,29.87
2024-03-21T05:56:00-05:00,2024-03-21 05:56:00,47,0,,0,0,30.04,100,0,29.85
2024-03-21T04:56:00-05:00,2024-03-21 04:56:00,47,0,,0,0,30.04,100,0,29.85
2024-03-21T03:56:00-05:00,2024-03-21 03:56:00,47,0,,0,0,30.04,97,0,29.85
2024-03-21T02:56:00-05:00,2024-03-21 02:56:00,47,0,,0,0,30.05,100,0,29.85
2024-03-21T01:56:00-05:00,2024-03-21 01:56:00,48,0,,0,0,30.05,96,0,29.86
2024-03-21T00:56:00-05:00,2024-03-21 00:56:00,50,0,,0,0,30.05,96,0,29.85
2024-03-20T23:56:00-05:00,2024-03-20 23:56:00,53,0,,0,0,30.06,86,0,29.86
2024-03-20T22:56:00-05:00,2024-03-20 22:56:00,52,0,,0,0,30.05,86,0,29.86
2024-03-20T21:56:00-05:00,2024-03-20 21:56:00,54,0,,0,0,30.04,80,0,29.84
2024-03-20T20:56:00-05:00,2024-03-20 20:56:00,57,0,,0,0,30.02,83,0,29.82
2024-03-20T19:56:00-05:00,2024-03-20 19:56:00,61,0,,0,0,30,75,0,29.8
2024-03-20T18:56:00-05:00,2024-03-20 18:56:00,65,,,,0,29.98,50,57,29.79
2024-03-20T17:56:00-05:00,2024-03-20 17:56:00,68,6,,220,0,29.98,43,265,29.79
2024-03-20T16:56:00-05:00,2024-03-20 16:56:00,70,9,,200,0,29.98,41,452,29.79
2024-03-20T15:56:00-05:00,2024-03-20 15:56:00,71,10,,200,0,30,39,383,29.8
2024-03-20T14:56:00-05:00,2024-03-20 14:56:00,70,8,,190,0,30.01,44,453,29.82
2024-03-20T13:56:00-05:00,2024-03-20 13:56:00,70,6,,220,0,30.04,44,781,29.85
2024-03-20T10:56:00-05:00,2024-03-20 10:56:00,59,7,,190,0,30.1,55,634,29.9
2024-03-20T09:56:00-05:00,2024-03-20 09:56:00,50,0,,0,0,30.09,74,486,29.89
2024-03-20T08:56:00-05:00,2024-03-20 08:56:00,43,0,,0,0,30.08,86,303,29.88
2024-03-20T07:56:00-05:00,2024-03-20 07:56:00,38,0,,0,0,30.06,100,98,29.86
2024-03-20T06:56:00-05:00,2024-03-20 06:56:00,37,0,,0,0,30.05,100,0,29.85
2024-03-20T05:56:00-05:00,2024-03-20 05:56:00,37,0,,0,0,30.05,100,0,29.85
2024-03-20T04:56:00-05:00,2024-03-20 04:56:00,38,0,,0,0,30.05,100,0,29.86
2024-03-20T03:56:00-05:00,2024-03-20 03:56:00,39,0,,0,0,30.05,96,0,29.86
2024-03-20T02:56:00-05:00,2024-03-20 02:56:00,39,0,,0,0,30.06,96,0,29.86
2024-03-20T01:56:00-05:00,2024-03-20 01:56:00,41,0,,0,0,30.07,93,0,29.87
2024-03-20T00:56:00-05:00,2024-03-20 00:56:00,43,0,,0,0,30.08,89,0,29.88
2024-03-19T23:56:00-05:00,2024-03-19 23:56:00,43,0,,0,0,30.07,82,0,29.87
2024-03-19T22:56:00-05:00,2024-03-19 22:56:00,46,0,,0,0,30.08,73,0,29.88
2024-03-19T20:56:00-05:00,2024-03-19 20:56:00,52,0,,0,0,30.06,61,0,29.87
2024-03-19T19:56:00-05:00,2024-03-19 19:56:00,53,3,,220,0,30.05,61,0,29.86
2024-03-19T18:56:00-05:00,2024-03-19 18:56:00,61,9,,210,0,30.05,35,55,29.85
2024-03-19T17:56:00-05:00,2024-03-19 17:56:00,64,8,,230,0,30.05,35,263,29.86
2024-03-19T16:56:00-05:00,2024-03-19 16:56:00,64,10,,230,0,30.07,32,450,29.87
2024-03-19T15:56:00-05:00,2024-03-19 15:56:00,63,7,,190,0,30.09,30,605,29.89
2024-03-19T14:56:00-05:00,2024-03-19 14:56:00,61,5,,240,0,30.12,31,717,29.93
2024-03-19T13:56:00-05:00,2024-03-19 13:56:00,59,6,,210,0,30.16,33,777,29.96
2024-03-19T11:56:00-05:00,2024-03-19 11:56:00,54,13,,240,0,30.26,37,732,30.06
2024-03-19T10:56:00-05:00,2024-03-19 10:56:00,49,8,,230,0,30.29,41,629,30.09
2024-03-19T09:56:00-05:00,2024-03-19 09:56:00,45,3,,190,0,30.3,55,481,30.1
2024-03-19T08:56:00-05:00,2024-03-19 08:56:00,38,0,,0,0,30.31,76,298,30.11
2024-03-19T07:56:00-05:00,2024-03-19 07:56:00,30,0,,0,0,30.29,100,93,30.1
2024-03-19T06:56:00-05:00,2024-03-19 06:56:00,29,0,,0,0,30.28,96,0,30.08
2024-03-19T05:56:00-05:00,2024-03-19 05:56:00,30,0,,0,0,30.27,96,0,30.07
2024-03-19T04:56:00-05:00,2024-03-19 04:56:00,30,0,,0,0,30.27,100,0,30.07
2024-03-19T03:56:00-05:00,2024-03-19 03:56:00,31,0,,0,0,30.28,96,0,30.08
2024-03-19T02:56:00-05:00,2024-03-19 02:56:00,34,0,,0,0,30.28,96,0,30.08
2024-03-19T01:56:00-05:00,2024-03-19 01:56:00,35,0,,0,0,30.29,96,0,30.1
2024-03-19T00:56:00-05:00,2024-03-19 00:56:00,39,5,,340,0,30.3,70,0,30.1
2024-03-18T23:56:00-05:00,2024-03-18 23:56:00,37,3,,330,0,30.32,85,0,30.12
2024-03-18T22:56:00-05:00,2024-03-18 22:56:00,41,5,,330,0,30.32,62,0,30.13
2024-03-18T21:56:00-05:00,2024-03-18 21:56:00,40,5,,320,0,30.32,83,0,30.12
2024-03-18T20:56:00-05:00,2024-03-18 20:56:00,43,0,,0,0,30.3,68,0,30.1
2024-03-18T19:56:00-05:00,2024-03-18 19:56:00,48,3,,340,0,30.27,40,0,30.08
2024-03-18T18:56:00-05:00,2024-03-18 18:56:00,52,10,,10,0,30.25,25,52,30.05
2024-03-18T17:56:00-05:00,2024-03-18 17:56:00,54,13,20,340,0,30.24,24,260,30.04
2024-03-18T16:56:00-05:00,2024-03-18 16:56:00,55,10,20,350,0,30.24,25,447,30.04
2024-03-18T15:56:00-05:00,2024-03-18 15:56:00,54,13,,350,0,30.24,27,602,30.04
2024-03-18T14:56:00-05:00,2024-03-18 14:56:00,53,14,25,20,0,30.26,29,713,30.06
2024-03-18T13:56:00-05:00,2024-03-18 13:56:00,52,15,22,350,0,30.29,28,773,30.1
2024-03-18T12:56:00-05:00,2024-03-18 12:56:00,52,14,22,340,0,30.32,29,778,30.12
2024-03-18T11:56:00-05:00,2024-03-18 11:56:00,51,15,24,350,0,30.32,28,727,30.12
2024-03-18T10:56:00-05:00,2024-03-18 10:56:00,49,16,22,330,0,30.32,33,625,30.12
2024-03-18T09:56:00-05:00,2024-03-18 09:56:00,47,12,,340,0,30.3,37,477,30.1
2024-03-18T08:56:00-05:00,2024-03-18 08:56:00,46,9,,20,0,30.28,43,294,30.08
2024-03-18T07:56:00-05:00,2024-03-18 07:56:00,44,9,,350,0,30.24,45,88,30.05
2024-03-18T06:56:00-05:00,2024-03-18 06:56:00,44,3,,350,0,30.22,47,0,30.02
2024-03-18T05:56:00-05:00,2024-03-18 05:56:00,46,9,,10,0,30.18,47,0,29.99
2024-03-18T04:56:00-05:00,2024-03-18 04:56:00,48,0,,0,0,30.17,61,0,29.97
2024-03-18T03:56:00-05:00,2024-03-18 03:56:00,50,10,,10,0,30.14,50,0,29.94
2024-03-18T02:56:00-05:00,2024-03-18 02:56:00,50,6,,340,0,30.13,54,0,29.93
2024-03-18T01:56:00-05:00,2024-03-18 01:56:00,52,7,,350,0,30.12,50,0,29.92
2024-03-18T00:56:00-05:00,2024-03-18 00:56:00,50,3,,360,0,30.09,61,0,29.89
2024-03-17T23:56:00-05:00,2024-03-17 23:56:00,53,6,,360,0,30.07,54,0,29.87
2024-03-17T22:56:00-05:00,2024-03-17 22:56:00,56,6,,330,0,30.05,53,0,29.86
2024-03-17T21:56:00-05:00,2024-03-17 21:56:00,56,6,,300,0,30.04,64,0,29.85
2024-03-17T20:56:00-05:00,2024-03-17 20:56:00,55,6,,290,0,30.01,77,0,29.82
2024-03-17T19:56:00-05:00,2024-03-17 19:56:00,57,5,,230,0,29.99,80,0,29.8
2024-03-17T17:56:00-05:00,2024-03-17 17:56:00,61,0,,0,0,29.96,54,64,29.77
2024-03-17T16:56:00-05:00,2024-03-17 16:56:00,61,6,,350,0,29.96,50,111,29.77
2024-03-17T15:56:00-05:00,2024-03-17 15:56:00,62,13,,10,0,29.97,46,150,29.78
2024-03-17T14:56:00-05:00,2024-03-17 14:56:00,63,6,,50,0,29.98,46,177,29.78
2024-03-17T13:56:00-05:00,2024-03-17 13:56:00,61,8,,40,0,30,48,192,29.8
2024-03-17T12:56:00-05:00,2024-03-17 12:56:00,63,8,17,30,0,30.01,46,488,29.81
2024-03-17T11:56:00-05:00,2024-03-17 11:56:00,62,9,20,30,0,30.01,56,455,29.81
2024-03-17T10:56:00-05:00,2024-03-17 10:56:00,59,13,,20,0,30,69,155,29.8
2024-03-17T09:56:00-05:00,2024-03-17 09:56:00,59,7,,30,0,29.98,77,118,29.78
2024-03-17T08:56:00-05:00,2024-03-17 08:56:00,59,8,,20,0,29.94,93,288,29.75
2024-03-17T07:56:00-05:00,2024-03-17 07:56:00,58,0,,0,0,29.93,100,21,29.74
2024-03-17T06:56:00-05:00,2024-03-17 06:56:00,58,3,,230,0,29.96,100,0,29.76
2024-03-17T05:56:00-05:00,2024-03-17 05:56:00,58,0,,0,0.01,29.93,100,0,29.74
2024-03-17T04:56:00-05:00,2024-03-17 04:56:00,59,5,,280,0.01,29.95,100,0,29.76
2024-03-17T03:56:00-05:00,2024-03-17 03:56:00,59,3,,290,0,29.93,100,0,29.74
2024-03-17T02:56:00-05:00,2024-03-17 02:56:00,59,3,,10,0.01,29.93,100,0,29.74
2024-03-17T01:56:00-05:00,2024-03-17 01:56:00,59,0,,0,0.01,29.97,100,0,29.77
2024-03-17T00:56:00-05:00,2024-03-17 00:56:00,59,0,,0,0.02,29.97,100,0,29.78
2024-03-16T23:56:00-05:00,2024-03-16 23:56:00,58,3,,210,0.02,29.98,100,0,29.78
2024-03-16T22:56:00-05:00,2024-03-16 22:56:00,59,3,,360,0.03,29.97,100,0,29.78
2024-03-16T21:56:00-05:00,2024-03-16 21:56:00,59,7,,210,0.03,29.98,100,0,29.78
2024-03-16T20:56:00-05:00,2024-03-16 20:56:00,60,5,,170,0,29.97,96,0,29.78
2024-03-16T19:56:00-05:00,2024-03-16 19:56:00,61,3,,340,0.01,29.96,93,0,29.77
2024-03-16T18:56:00-05:00,2024-03-16 18:56:00,65,6,,190,0,29.96,76,29,29.76
2024-03-16T17:56:00-05:00,2024-03-16 17:56:00,67,3,,170,0,29.96,68,242,29.76
2024-03-16T16:56:00-05:00,2024-03-16 16:56:00,68,7,,230,0,29.99,61,278,29.8
2024-03-16T15:56:00-05:00,2024-03-16 15:56:00,68,5,,70,0,29.96,57,375,29.76
2024-03-16T14:56:00-05:00,2024-03-16 14:56:00,68,6,,200,0,29.99,59,674,29.79
2024-03-16T13:56:00-05:00,2024-03-16 13:56:00,67,3,,-1,0,30.01,59,766,29.82
2024-03-16T12:56:00-05:00,2024-03-16 12:56:00,65,3,,-1,0,30.06,61,770,29.86
2024-03-16T11:56:00-05:00,2024-03-16 11:56:00,61,0,,0,0,30.1,75,719,29.9
2024-03-16T10:56:00-05:00,2024-03-16 10:56:00,59,0,,0,0,30.13,81,614,29.93
2024-03-16T09:56:00-05:00,2024-03-16 09:56:00,53,0,,0,0,30.14,100,446,29.95
2024-03-16T08:56:00-05:00,2024-03-16 08:56:00,50,0,,0,0,30.12,100,179,29.93
2024-03-16T07:56:00-05:00,2024-03-16 07:56:00,48,0,,0,0,30.11,100,20,29.91
2024-03-16T07:09:00-05:00,2024-03-16 07:09:00,46,0,,0,0,30.09,100,0,29.89
2024-03-16T05:56:00-05:00,2024-03-16 05:56:00,49,0,,0,0,30.08,100,0,29.88
2024-03-16T04:56:00-05:00,2024-03-16 04:56:00,49,0,,0,0,30.08,100,0,29.89
2024-03-16T03:56:00-05:00,2024-03-16 03:56:00,49,0,,0,0,30.09,100,0,29.89
2024-03-16T03:05:00-05:00,2024-03-16 03:05:00,52,0,,0,0,30.1,100,0,29.9
2024-03-16T01:56:00-05:00,2024-03-16 01:56:00,52,0,,0,0,30.13,100,0,29.93
2024-03-16T00:56:00-05:00,2024-03-16 00:56:00,52,3,,10,0,30.12,100,0,29.93
2024-03-15T23:56:00-05:00,2024-03-15 23:56:00,56,0,,0,0,30.13,93,0,29.93
2024-03-15T22:56:00-05:00,2024-03-15 22:56:00,58,5,,70,0,30.12,90,0,29.93
2024-03-15T21:56:00-05:00,2024-03-15 21:56:00,58,0,,0,0,30.13,93,0,29.93
2024-03-15T20:56:00-05:00,2024-03-15 20:56:00,59,3,,90,0.01,30.11,93,0,29.91
2024-03-15T19:56:00-05:00,2024-03-15 19:56:00,60,5,,60,0,30.05,93,0,29.86
2024-03-15T18:56:00-05:00,2024-03-15 18:56:00,62,5,,-1,0,30.05,93,11,29.85
2024-03-15T17:56:00-05:00,2024-03-15 17:56:00,64,6,,-1,0,30.03,93,63,29.84
2024-03-15T16:56:00-05:00,2024-03-15 16:56:00,65,5,,40,0.01,30.04,93,110,29.85
2024-03-15T15:56:00-05:00,2024-03-15 15:56:00,63,7,,10,0.01,30.04,100,148,29.85
2024-03-15T14:56:00-05:00,2024-03-15 14:56:00,65,0,,0,0.01,30.04,97,176,29.85
2024-03-15T13:56:00-05:00,2024-03-15 13:56:00,63,0,,0,0.01,30.06,100,190,29.87
2024-03-15T12:56:00-05:00,2024-03-15 12:56:00,63,0,,0,0.01,30.08,100,191,29.89
2024-03-15T11:56:00-05:00,2024-03-15 11:56:00,62,0,,0,0.02,30.07,100,179,29.88
2024-03-15T10:56:00-05:00,2024-03-15 10:56:00,62,0,,0,0.02,30.09,100,153,29.89
2024-03-15T10:06:00-05:00,2024-03-15 10:06:00,63,0,,0,0.01,30.06,100,122,29.86
2024-03-15T08:56:00-05:00,2024-03-15 08:56:00,62,0,,0,0.05,30.02,100,70,29.83
2024-03-15T07:56:00-05:00,2024-03-15 07:56:00,61,0,,0,0.09,29.99,100,18,29.8
2024-03-15T06:56:00-05:00,2024-03-15 06:56:00,61,0,,0,0.11,30,100,0,29.81
2024-03-15T05:56:00-05:00,2024-03-15 05:56:00,61,0,,0,0.08,30,100,0,29.8
2024-03-15T04:56:00-05:00,2024-03-15 04:56:00,61,5,,90,0.05,29.92,100,0,29.73
2024-03-15T04:04:00-05:00,2024-03-15 04:04:00,61,10,,130,0.01,29.93,100,0,29.73
2024-03-15T03:09:00-05:00,2024-03-15 03:09:00,63,5,,20,0.01,29.91,94,0,29.71
2024-03-15T01:56:00-05:00,2024-03-15 01:56:00,62,7,,40,0.04,29.93,96,0,29.73
2024-03-15T00:56:00-05:00,2024-03-15 00:56:00,64,13,17,30,0.01,29.97,90,0,29.78
2024-03-14T23:56:00-05:00,2024-03-14 23:56:00,69,9,,360,0,29.92,100,0,29.73
2024-03-14T22:56:00-05:00,2024-03-14 22:56:00,71,7,,-1,0,29.85,93,0,29.66
2024-03-14T21:56:00-05:00,2024-03-14 21:56:00,70,0,,0,0,29.82,100,0,29.62
2024-03-14T20:56:00-05:00,2024-03-14 20:56:00,70,0,,0,0,29.83,100,0,29.63
2024-03-14T19:56:00-05:00,2024-03-14 19:56:00,71,3,,150,0.1,29.81,96,0,29.62
2024-03-14T18:56:00-05:00,2024-03-14 18:56:00,75,3,,130,0.01,29.83,88,10,29.64
2024-03-14T17:56:00-05:00,2024-03-14 17:56:00,80,6,,140,0,29.83,74,156,29.64
2024-03-14T16:56:00-05:00,2024-03-14 16:56:00,80,7,,-1,0,29.83,74,434,29.63
2024-03-14T15:56:00-05:00,2024-03-14 15:56:00,80,7,,160,0,29.85,71,371,29.65
2024-03-14T14:56:00-05:00,2024-03-14 14:56:00,79,10,,190,0,29.86,74,175,29.66
2024-03-14T13:56:00-05:00,2024-03-14 13:56:00,78,12,,180,0,29.86,76,190,29.67
2024-03-14T12:56:00-05:00,2024-03-14 12:56:00,78,9,,180,0,29.91,76,190,29.72
2024-03-14T11:56:00-05:00,2024-03-14 11:56:00,75,8,,190,0,29.93,82,178,29.74
2024-03-14T10:56:00-05:00,2024-03-14 10:56:00,72,7,,170,0,29.92,87,152,29.73
2024-03-14T09:56:00-05:00,2024-03-14 09:56:00,70,9,,180,0,29.91,90,114,29.72
2024-03-14T08:56:00-05:00,2024-03-14 08:56:00,69,7,,180,0,29.9,93,69,29.71
2024-03-14T07:56:00-05:00,2024-03-14 07:56:00,67,5,,170,0,29.89,97,17,29.7
2024-03-14T06:56:00-05:00,2024-03-14 06:56:00,67,6,,160,0,29.87,97,0,29.68
2024-03-14T05:56:00-05:00,2024-03-14 05:56:00,67,5,,150,0,29.85,97,0,29.66
2024-03-14T04:56:00-05:00,2024-03-14 04:56:00,65,0,,0,0,29.84,100,0,29.65
2024-03-14T03:56:00-05:00,2024-03-14 03:56:00,63,0,,0,0,29.84,100,0,29.64
2024-03-14T02:56:00-05:00,2024-03-14 02:56:00,61,0,,0,0,29.85,100,0,29.65
2024-03-14T00:56:00-05:00,2024-03-14 00:56:00,62,0,,0,0,29.83,96,0,29.64
2024-03-13T23:56:00-05:00,2024-03-13 23:56:00,62,0,,0,0,29.83,93,0,29.63
2024-03-13T22:56:00-05:00,2024-03-13 22:56:00,63,0,,0,0,29.82,93,0,29.62
2024-03-13T21:56:00-05:00,2024-03-13 21:56:00,63,0,,0,0,29.81,93,0,29.62
2024-03-13T20:56:00-05:00,2024-03-13 20:56:00,65,3,,160,0,29.81,90,0,29.62
2024-03-13T19:56:00-05:00,2024-03-13 19:56:00,71,6,,170,0,29.81,76,0,29.62
2024-03-13T18:56:00-05:00,2024-03-13 18:56:00,75,7,,150,0,29.81,66,38,29.61
2024-03-13T17:56:00-05:00,2024-03-13 17:56:00,75,7,,180,0,29.81,69,234,29.61
2024-03-13T16:56:00-05:00,2024-03-13 16:56:00,77,8,,190,0,29.81,64,412,29.61
2024-03-13T15:56:00-05:00,2024-03-13 15:56:00,77,14,,220,0,29.82,66,369,29.62
2024-03-13T14:56:00-05:00,2024-03-13 14:56:00,75,10,,220,0,29.84,71,174,29.65
2024-03-13T13:56:00-05:00,2024-03-13 13:56:00,74,13,,190,0,29.86,71,189,29.67
2024-03-13T12:56:00-05:00,2024-03-13 12:56:00,70,12,,200,0,29.9,78,189,29.71
2024-03-13T11:56:00-05:00,2024-03-13 11:56:00,69,13,17,210,0,29.92,81,176,29.73
2024-03-13T10:56:00-05:00,2024-03-13 10:56:00,67,9,,210,0,29.93,84,150,29.74
2024-03-13T09:56:00-05:00,2024-03-13 09:56:00,63,7,,180,0,29.93,93,113,29.74
2024-03-13T08:56:00-05:00,2024-03-13 08:56:00,57,0,,0,0,29.93,96,67,29.73
2024-03-13T07:56:00-05:00,2024-03-13 07:56:00,51,0,,0,0,29.91,100,40,29.72
2024-03-13T06:56:00-05:00,2024-03-13 06:56:00,51,0,,0,0,29.91,100,0,29.72
2024-03-13T05:56:00-05:00,2024-03-13 05:56:00,52,0,,0,0,29.91,97,0,29.71
2024-03-13T04:56:00-05:00,2024-03-13 04:56:00,52,3,,40,0,29.9,97,0,29.7
2024-03-13T03:56:00-05:00,2024-03-13 03:56:00,53,0,,0,0,29.9,96,0,29.71
2024-03-13T02:56:00-05:00,2024-03-13 02:56:00,54,0,,0,0,29.91,93,0,29.72
2024-03-13T01:56:00-05:00,2024-03-13 01:56:00,57,0,,0,0,29.91,83,0,29.72
2024-03-13T00:56:00-05:00,2024-03-13 00:56:00,56,0,,0,0,29.92,87,0,29.72
2024-03-12T23:56:00-05:00,2024-03-12 23:56:00,57,0,,0,0,29.93,83,0,29.73
2024-03-12T22:56:00-05:00,2024-03-12 22:56:00,57,0,,0,0,29.93,83,0,29.74
2024-03-12T21:56:00-05:00,2024-03-12 21:56:00,57,0,,0,0,29.93,80,0,29.73
2024-03-12T20:56:00-05:00,2024-03-12 20:56:00,59,0,,0,0,29.92,77,0,29.72
2024-03-12T19:56:00-05:00,2024-03-12 19:56:00,62,3,,160,0,29.91,67,0,29.71
2024-03-12T18:56:00-05:00,2024-03-12 18:56:00,67,8,,170,0,29.91,59,35,29.71
2024-03-12T17:56:00-05:00,2024-03-12 17:56:00,72,10,,210,0,29.92,48,241,29.72
2024-03-12T16:56:00-05:00,2024-03-12 16:56:00,72,10,,180,0,29.93,46,409,29.73
2024-03-12T15:56:00-05:00,2024-03-12 15:56:00,71,17,,230,0,29.96,49,556,29.76
2024-03-12T14:56:00-05:00,2024-03-12 14:56:00,70,10,,220,0,29.98,51,436,29.79
2024-03-12T13:56:00-05:00,2024-03-12 13:56:00,70,10,17,200,0,30.02,55,472,29.83
2024-03-12T12:56:00-05:00,2024-03-12 12:56:00,69,14,18,190,0,30.05,59,719,29.86
2024-03-12T11:56:00-05:00,2024-03-12 11:56:00,65,5,,220,0,30.1,63,701,29.91
2024-03-12T10:56:00-05:00,2024-03-12 10:56:00,60,7,,200,0,30.12,69,597,29.93
2024-03-12T09:56:00-05:00,2024-03-12 09:56:00,52,0,,0,0,30.13,74,448,29.94
2024-03-12T08:56:00-05:00,2024-03-12 08:56:00,45,0,,0,0,30.13,90,265,29.93
2024-03-12T07:56:00-05:00,2024-03-12 07:56:00,40,0,,0,0,30.13,100,59,29.93
2024-03-12T06:56:00-05:00,2024-03-12 06:56:00,40,0,,0,0,30.13,100,0,29.93
2024-03-12T05:56:00-05:00,2024-03-12 05:56:00,40,0,,0,0,30.13,100,0,29.93
2024-03-12T04:56:00-05:00,2024-03-12 04:56:00,40,0,,0,0,30.13,100,0,29.93
2024-03-12T03:56:00-05:00,2024-03-12 03:56:00,42,0,,0,0,30.14,100,0,29.94
2024-03-12T02:56:00-05:00,2024-03-12 02:56:00,42,0,,0,0,30.16,100,0,29.96
2024-03-12T01:56:00-05:00,2024-03-12 01:56:00,44,0,,0,0,30.16,96,0,29.97
2024-03-12T00:56:00-05:00,2024-03-12 00:56:00,46,0,,0,0,30.17,96,0,29.97
2024-03-11T23:56:00-05:00,2024-03-11 23:56:00,47,0,,0,0,30.18,90,0,29.99
2024-03-11T22:56:00-05:00,2024-03-11 22:56:00,48,0,,0,0,30.19,89,0,30
2024-03-11T21:56:00-05:00,2024-03-11 21:56:00,51,0,,0,0,30.18,79,0,29.98
2024-03-11T20:56:00-05:00,2024-03-11 20:56:00,53,0,,0,0,30.18,74,0,29.98
2024-03-11T19:56:00-05:00,2024-03-11 19:56:00,57,0,,0,0,30.16,72,0,29.96
2024-03-11T18:56:00-05:00,2024-03-11 18:56:00,63,0,,0,0,30.16,50,32,29.97
2024-03-11T17:56:00-05:00,2024-03-11 17:56:00,66,3,,200,0,30.17,35,239,29.97
2024-03-11T16:56:00-05:00,2024-03-11 16:56:00,66,3,,-1,0,30.19,38,424,29.99
2024-03-11T15:56:00-05:00,2024-03-11 15:56:00,64,0,,0,0,30.22,38,364,30.02
2024-03-11T14:56:00-05:00,2024-03-11 14:56:00,64,0,,0,0,30.24,40,688,30.04
2024-03-11T13:56:00-05:00,2024-03-11 13:56:00,63,12,,230,0,30.27,44,746,30.08
2024-03-11T12:56:00-05:00,2024-03-11 12:56:00,63,9,,220,0,30.3,41,749,30.11
2024-03-11T11:56:00-05:00,2024-03-11 11:56:00,61,8,,200,0,30.32,48,697,30.13
2024-03-11T10:56:00-05:00,2024-03-11 10:56:00,57,6,,-1,0,30.34,57,592,30.14
2024-03-11T09:56:00-05:00,2024-03-11 09:56:00,49,0,,0,0,30.34,77,443,30.14
2024-03-11T08:56:00-05:00,2024-03-11 08:56:00,42,0,,0,0,30.32,92,260,30.12
2024-03-11T07:56:00-05:00,2024-03-11 07:56:00,38,0,,0,0,30.3,100,54,30.1
2024-03-11T06:56:00-05:00,2024-03-11 06:56:00,37,0,,0,0,30.29,100,0,30.09
2024-03-11T05:56:00-05:00,2024-03-11 05:56:00,38,0,,0,0,30.26,100,0,30.06
2024-03-11T04:56:00-05:00,2024-03-11 04:56:00,39,0,,0,0,30.26,100,0,30.06
2024-03-11T03:56:00-05:00,2024-03-11 03:56:00,40,0,,0,0,30.26,100,0,30.06
2024-03-11T02:56:00-05:00,2024-03-11 02:56:00,42,0,,0,0,30.27,100,0,30.07
2024-03-11T01:56:00-05:00,2024-03-11 01:56:00,43,0,,0,0,30.27,97,0,30.07
2024-03-11T00:56:00-05:00,2024-03-11 00:56:00,44,0,,0,0,30.27,100,0,30.07
2024-03-10T23:56:00-05:00,2024-03-10 23:56:00,46,0,,0,0,30.27,93,0,30.07
2024-03-10T22:56:00-05:00,2024-03-10 22:56:00,46,0,,0,0,30.27,93,0,30.07
2024-03-10T21:56:00-05:00,2024-03-10 21:56:00,47,0,,0,0,30.25,90,0,30.06
2024-03-10T20:56:00-05:00,2024-03-10 20:56:00,52,0,,0,0,30.24,80,0,30.04
2024-03-10T19:56:00-05:00,2024-03-10 19:56:00,55,0,,0,0,30.22,74,0,30.03
2024-03-10T18:56:00-05:00,2024-03-10 18:56:00,60,3,,170,0,30.22,53,29,30.02
2024-03-10T16:56:00-05:00,2024-03-10 16:56:00,64,0,,0,0,30.22,30,422,30.02
2024-03-10T15:56:00-05:00,2024-03-10 15:56:00,64,6,,180,0,30.23,35,575,30.03
2024-03-10T14:56:00-05:00,2024-03-10 14:56:00,62,7,,180,0,30.24,39,684,30.04
2024-03-10T13:56:00-05:00,2024-03-10 13:56:00,61,6,,190,0,30.28,38,742,30.08
2024-03-10T12:56:00-05:00,2024-03-10 12:56:00,59,3,,-1,0,30.3,42,745,30.1
2024-03-10T11:56:00-05:00,2024-03-10 11:56:00,56,0,,0,0,30.32,42,692,30.12
2024-03-10T10:56:00-05:00,2024-03-10 10:56:00,52,3,,170,0,30.32,59,588,30.12
2024-03-10T09:56:00-05:00,2024-03-10 09:56:00,48,0,,0,0,30.31,66,439,30.11
2024-03-10T08:56:00-05:00,2024-03-10 08:56:00,41,0,,0,0,30.28,76,255,30.08
2024-03-10T07:56:00-05:00,2024-03-10 07:56:00,35,0,,0,0,30.26,100,49,30.06
2024-03-10T05:56:00-05:00,2024-03-10 05:56:00,37,0,,0,0,30.21,96,0,30.01
2024-03-10T04:56:00-05:00,2024-03-10 04:56:00,37,0,,0,0,30.21,96,0,30.01
2024-03-10T03:56:00-05:00,2024-03-10 03:56:00,38,0,,0,0,30.21,97,0,30.01
2024-03-10T01:56:00-06:00,2024-03-10 01:56:00,40,0,,0,0,30.22,89,0,30.02
2024-03-10T00:56:00-06:00,2024-03-10 00:56:00,45,3,,310,0,30.21,70,0,30.01
2024-03-09T22:56:00-06:00,2024-03-09 22:56:00,48,0,,0,0,30.19,58,0,29.99
2024-03-09T21:56:00-06:00,2024-03-09 21:56:00,50,6,,310,0,30.17,54,0,29.98
2024-03-09T20:56:00-06:00,2024-03-09 20:56:00,51,8,,320,0,30.16,52,0,29.96
2024-03-09T19:56:00-06:00,2024-03-09 19:56:00,53,8,,310,0,30.13,50,0,29.93
2024-03-09T18:56:00-06:00,2024-03-09 18:56:00,55,5,,320,0,30.1,55,0,29.9
2024-03-09T17:56:00-06:00,2024-03-09 17:56:00,59,6,,320,0,30.08,51,26,29.88
2024-03-09T16:56:00-06:00,2024-03-09 16:56:00,59,6,,310,0,30.07,47,232,29.87
2024-03-09T15:56:00-06:00,2024-03-09 15:56:00,59,5,,-1,0,30.07,51,264,29.87
2024-03-09T14:56:00-06:00,2024-03-09 14:56:00,56,5,,320,0,30.07,60,360,29.88
2024-03-09T13:56:00-06:00,2024-03-09 13:56:00,54,9,18,330,0,30.09,66,170,29.89
2024-03-09T12:56:00-06:00,2024-03-09 12:56:00,53,6,,340,0,30.1,66,185,29.91
2024-03-09T11:56:00-06:00,2024-03-09 11:56:00,53,8,,350,0,30.11,68,185,29.92
2024-03-09T10:56:00-06:00,2024-03-09 10:56:00,51,10,,320,0,30.12,74,172,29.93
2024-03-09T09:56:00-06:00,2024-03-09 09:56:00,51,8,,350,0,30.11,77,146,29.92
2024-03-09T07:56:00-06:00,2024-03-09 07:56:00,50,6,,310,0,30.06,86,63,29.86
2024-03-09T06:56:00-06:00,2024-03-09 06:56:00,50,8,,330,0.01,30.01,89,11,29.81
2024-03-09T05:56:00-06:00,2024-03-09 05:56:00,51,9,17,330,0,29.97,89,0,29.78
2024-03-09T04:56:00-06:00,2024-03-09 04:56:00,51,12,,340,0,29.95,92,0,29.75
2024-03-09T03:56:00-06:00,2024-03-09 03:56:00,51,12,,310,0.01,29.94,96,0,29.74
2024-03-09T02:56:00-06:00,2024-03-09 02:56:00,54,3,,300,0.01,29.93,97,0,29.74
2024-03-09T01:56:00-06:00,2024-03-09 01:56:00,54,0,,0,0.19,29.93,100,0,29.73
2024-03-09T00:56:00-06:00,2024-03-09 00:56:00,56,6,,240,0.04,29.93,97,0,29.74
2024-03-08T23:56:00-06:00,2024-03-08 23:56:00,59,10,,310,0,29.9,90,0,29.71
2024-03-08T22:56:00-06:00,2024-03-08 22:56:00,57,0,,0,0,29.89,100,0,29.7
2024-03-08T21:56:00-06:00,2024-03-08 21:56:00,56,0,,0,0,29.88,100,0,29.69
2024-03-08T20:56:00-06:00,2024-03-08 20:56:00,57,0,,0,0,29.87,100,0,29.67
2024-03-08T19:56:00-06:00,2024-03-08 19:56:00,58,0,,0,0,29.85,100,0,29.65
2024-03-08T18:56:00-06:00,2024-03-08 18:56:00,60,0,,0,0,29.83,100,0,29.64
2024-03-08T17:56:00-06:00,2024-03-08 17:56:00,63,0,,0,0,29.8,87,23,29.61
2024-03-08T16:56:00-06:00,2024-03-08 16:56:00,64,6,,340,0,29.78,80,145,29.59
2024-03-08T15:56:00-06:00,2024-03-08 15:56:00,63,5,,30,0,29.75,87,104,29.56
2024-03-08T14:56:00-06:00,2024-03-08 14:56:00,62,6,,-1,0.02,29.75,96,142,29.55
2024-03-08T13:56:00-06:00,2024-03-08 13:56:00,60,3,,160,0.05,29.81,100,169,29.61
2024-03-08T12:56:00-06:00,2024-03-08 12:56:00,60,0,,0,0.03,29.81,100,184,29.62
2024-03-08T11:56:00-06:00,2024-03-08 11:56:00,60,3,,350,0.04,29.82,96,184,29.63
2024-03-08T10:56:00-06:00,2024-03-08 10:56:00,60,3,,-1,0.01,29.8,96,171,29.61
2024-03-08T09:56:00-06:00,2024-03-08 09:56:00,60,3,,350,0,29.81,93,364,29.62
2024-03-08T08:56:00-06:00,2024-03-08 08:56:00,60,0,,0,0,29.8,93,270,29.6
2024-03-08T07:56:00-06:00,2024-03-08 07:56:00,59,0,,0,0,29.8,96,61,29.6
2024-03-08T06:56:00-06:00,2024-03-08 06:56:00,59,5,,70,0,29.8,96,10,29.6
2024-03-08T05:56:00-06:00,2024-03-08 05:56:00,59,3,,-1,0,29.78,100,0,29.59
2024-03-08T04:56:00-06:00,2024-03-08 04:56:00,60,3,,40,0.01,29.78,96,0,29.59
2024-03-08T03:56:00-06:00,2024-03-08 03:56:00,60,3,,-1,0.04,29.74,100,0,29.55
2024-03-08T02:56:00-06:00,2024-03-08 02:56:00,60,3,,80,0.03,29.76,100,0,29.56
2024-03-08T01:56:00-06:00,2024-03-08 01:56:00,60,3,,-1,0.13,29.78,100,0,29.58
2024-03-08T00:56:00-06:00,2024-03-08 00:56:00,60,3,,30,0.02,29.8,100,0,29.61
2024-03-07T23:56:00-06:00,2024-03-07 23:56:00,60,6,,30,0.07,29.8,100,0,29.61
2024-03-07T22:36:00-06:00,2024-03-07 22:36:00,61,3,,60,0.01,29.84,100,0,29.64
2024-03-07T21:56:00-06:00,2024-03-07 21:56:00,61,6,,30,0.01,29.83,100,0,29.64
2024-03-07T20:56:00-06:00,2024-03-07 20:56:00,62,6,,10,0.01,29.83,96,0,29.64
2024-03-07T19:56:00-06:00,2024-03-07 19:56:00,61,7,,20,0.01,29.81,100,0,29.62
2024-03-07T18:56:00-06:00,2024-03-07 18:56:00,62,3,,70,0.01,29.83,96,0,29.64
2024-03-07T17:56:00-06:00,2024-03-07 17:56:00,62,3,,80,0,29.83,96,5,29.64
2024-03-07T16:56:00-06:00,2024-03-07 16:56:00,64,6,,110,0,29.82,90,143,29.63
2024-03-07T15:56:00-06:00,2024-03-07 15:56:00,65,5,,110,0,29.84,87,260,29.65
2024-03-07T14:56:00-06:00,2024-03-07 14:56:00,65,3,,140,0,29.85,84,355,29.65
2024-03-07T13:56:00-06:00,2024-03-07 13:56:00,65,6,,140,0,29.86,87,168,29.67
2024-03-07T12:56:00-06:00,2024-03-07 12:56:00,65,8,,140,0,29.89,87,460,29.69
2024-03-07T11:56:00-06:00,2024-03-07 11:56:00,62,7,,140,0,29.91,96,730,29.72
2024-03-07T10:56:00-06:00,2024-03-07 10:56:00,61,5,,120,0.01,29.94,100,170,29.75
2024-03-07T09:56:00-06:00,2024-03-07 09:56:00,59,0,,0,0.11,29.95,100,143,29.75
2024-03-07T08:56:00-06:00,2024-03-07 08:56:00,58,0,,0,0.07,29.95,100,106,29.75
2024-03-07T07:56:00-06:00,2024-03-07 07:56:00,58,0,,0,0.33,29.96,100,60,29.77
2024-03-07T07:02:00-06:00,2024-03-07 07:02:00,57,6,,250,0.05,29.96,100,14,29.76
2024-03-07T05:56:00-06:00,2024-03-07 05:56:00,57,0,,0,0.01,29.9,100,0,29.7
2024-03-07T04:56:00-06:00,2024-03-07 04:56:00,57,6,,100,0.17,29.91,100,0,29.71
2024-03-07T03:56:00-06:00,2024-03-07 03:56:00,57,7,,280,0.07,29.97,100,0,29.77
2024-03-07T02:56:00-06:00,2024-03-07 02:56:00,57,3,,120,0,29.92,96,0,29.73
2024-03-07T01:56:00-06:00,2024-03-07 01:56:00,57,3,,90,0,29.93,96,0,29.73
2024-03-07T00:56:00-06:00,2024-03-07 00:56:00,57,3,,90,0,29.92,96,0,29.73
2024-03-06T23:56:00-06:00,2024-03-06 23:56:00,57,5,,100,0,29.94,96,0,29.74
2024-03-06T22:56:00-06:00,2024-03-06 22:56:00,58,6,,80,0,29.95,93,0,29.75
2024-03-06T21:56:00-06:00,2024-03-06 21:56:00,58,8,,110,0,29.95,97,0,29.76
2024-03-06T21:08:00-06:00,2024-03-06 21:08:00,57,6,,120,0,29.95,100,0,29.75
2024-03-06T19:56:00-06:00,2024-03-06 19:56:00,59,3,,60,0,29.94,93,0,29.75
2024-03-06T18:56:00-06:00,2024-03-06 18:56:00,60,3,,90,0,29.93,90,0,29.74
2024-03-06T17:56:00-06:00,2024-03-06 17:56:00,63,5,,100,0,29.92,84,17,29.72
2024-03-06T16:56:00-06:00,2024-03-06 16:56:00,68,5,,120,0,29.9,73,223,29.71
2024-03-06T15:56:00-06:00,2024-03-06 15:56:00,69,3,,-1,0,29.9,70,409,29.71
2024-03-06T14:56:00-06:00,2024-03-06 14:56:00,66,3,,-1,0,29.92,75,561,29.73
2024-03-06T13:56:00-06:00,2024-03-06 13:56:00,63,5,,-1,0,29.94,81,639,29.75
2024-03-06T12:56:00-06:00,2024-03-06 12:56:00,60,5,,-1,0,29.98,83,181,29.78
2024-03-06T11:56:00-06:00,2024-03-06 11:56:00,58,5,,-1,0,30,90,182,29.81
2024-03-06T09:56:00-06:00,2024-03-06 09:56:00,56,0,,0,0,30,93,142,29.81
2024-03-06T08:56:00-06:00,2024-03-06 08:56:00,55,3,,-1,0,29.99,93,105,29.8
2024-03-06T07:56:00-06:00,2024-03-06 07:56:00,54,5,,40,0,29.98,97,59,29.78
2024-03-06T06:56:00-06:00,2024-03-06 06:56:00,54,7,,-1,0,29.95,93,8,29.76
2024-03-06T05:56:00-06:00,2024-03-06 05:56:00,54,8,,30,0,29.95,93,0,29.75
2024-03-06T04:56:00-06:00,2024-03-06 04:56:00,55,7,,30,0,29.92,93,0,29.73
2024-03-06T03:56:00-06:00,2024-03-06 03:56:00,56,5,,40,0,29.9,100,0,29.71
2024-03-05T13:56:00-06:00,2024-03-05 13:56:00,74,0,,0,0,29.82,60,665,29.63
2024-03-05T12:56:00-06:00,2024-03-05 12:56:00,71,6,,150,0,29.84,68,722,29.65
2024-03-05T11:56:00-06:00,2024-03-05 11:56:00,67,3,,160,0.01,29.9,81,721,29.7
2024-03-05T10:56:00-06:00,2024-03-05 10:56:00,64,5,,80,0,29.93,84,167,29.74
2024-03-05T09:56:00-06:00,2024-03-05 09:56:00,63,12,,360,0,29.93,87,539,29.73
2024-03-05T08:56:00-06:00,2024-03-05 08:56:00,60,0,,0,0,29.9,93,415,29.7
2024-03-05T07:56:00-06:00,2024-03-05 07:56:00,59,5,,290,0.01,29.85,90,231,29.66
2024-03-05T06:56:00-06:00,2024-03-05 06:56:00,59,12,,60,0.01,29.83,90,6,29.64
2024-03-05T05:56:00-06:00,2024-03-05 05:56:00,59,6,,110,0.01,29.85,90,0,29.65
2024-03-05T04:56:00-06:00,2024-03-05 04:56:00,59,0,,0,0.01,29.88,96,0,29.69
2024-03-05T03:56:00-06:00,2024-03-05 03:56:00,60,7,,40,0,29.85,93,0,29.66
2024-03-05T02:44:00-06:00,2024-03-05 02:44:00,64,3,,100,0.01,29.89,94,0,29.69
2024-03-05T01:56:00-06:00,2024-03-05 01:56:00,63,0,,0,0,29.89,100,0,29.7
2024-03-05T00:56:00-06:00,2024-03-05 00:56:00,65,6,,-1,0,29.9,93,0,29.71
2024-03-04T23:56:00-06:00,2024-03-04 23:56:00,65,6,,150,0,29.91,93,0,29.71
2024-03-04T22:56:00-06:00,2024-03-04 22:56:00,65,5,,140,0,29.91,97,0,29.72
2024-03-04T21:56:00-06:00,2024-03-04 21:56:00,66,8,,150,0,29.9,96,0,29.71
2024-03-04T21:08:00-06:00,2024-03-04 21:08:00,66,6,,150,0,29.9,94,0,29.7
2024-03-04T19:56:00-06:00,2024-03-04 19:56:00,67,9,20,160,0.09,29.87,93,0,29.67
2024-03-04T18:56:00-06:00,2024-03-04 18:56:00,70,12,18,120,0,29.83,84,0,29.64
2024-03-04T17:56:00-06:00,2024-03-04 17:56:00,74,6,,140,0,29.79,79,7,29.6
2024-03-04T16:56:00-06:00,2024-03-04 16:56:00,77,12,17,170,0,29.78,69,137,29.59
2024-03-04T15:56:00-06:00,2024-03-04 15:56:00,80,9,,160,0,29.77,64,384,29.58
2024-03-04T13:56:00-06:00,2024-03-04 13:56:00,79,9,,160,0,29.85,67,416,29.65
2024-03-04T12:56:00-06:00,2024-03-04 12:56:00,77,9,,170,0,29.88,71,179,29.69
2024-03-04T11:56:00-06:00,2024-03-04 11:56:00,75,13,20,170,0,29.92,79,453,29.72
2024-03-04T10:56:00-06:00,2024-03-04 10:56:00,70,10,,170,0,29.94,90,166,29.75
2024-03-04T09:56:00-06:00,2024-03-04 09:56:00,67,12,17,180,0,29.96,100,140,29.76
2024-03-04T08:56:00-06:00,2024-03-04 08:56:00,65,5,,150,0,29.96,100,103,29.77
2024-03-04T07:56:00-06:00,2024-03-04 07:56:00,63,3,,150,0,29.95,100,57,29.76
2024-03-04T06:56:00-06:00,2024-03-04 06:56:00,62,0,,0,0,29.95,100,5,29.75
2024-03-04T05:56:00-06:00,2024-03-04 05:56:00,59,0,,0,0.01,29.95,100,0,29.75
2024-03-04T04:56:00-06:00,2024-03-04 04:56:00,56,0,,0,0,29.93,100,0,29.74
2024-03-04T04:09:00-06:00,2024-03-04 04:09:00,54,0,,0,0,29.93,100,0,29.73
2024-03-04T02:56:00-06:00,2024-03-04 02:56:00,53,0,,0,0,29.92,100,0,29.73
2024-03-04T01:56:00-06:00,2024-03-04 01:56:00,53,0,,0,0,29.92,100,0,29.72
2024-03-04T00:56:00-06:00,2024-03-04 00:56:00,54,0,,0,0,29.92,100,0,29.72
2024-03-03T23:56:00-06:00,2024-03-03 23:56:00,53,0,,0,0,29.91,100,0,29.72
2024-03-03T22:56:00-06:00,2024-03-03 22:56:00,53,0,,0,0,29.92,100,0,29.73
2024-03-03T21:56:00-06:00,2024-03-03 21:56:00,56,0,,0,0,29.93,100,0,29.73
2024-03-03T20:56:00-06:00,2024-03-03 20:56:00,58,0,,0,0,29.93,100,0,29.74
2024-03-03T19:56:00-06:00,2024-03-03 19:56:00,61,0,,0,0,29.92,97,0,29.72
2024-03-03T18:56:00-06:00,2024-03-03 18:56:00,65,0,,0,0,29.9,87,0,29.71
2024-03-03T17:56:00-06:00,2024-03-03 17:56:00,68,3,,150,0,29.89,78,8,29.7
2024-03-03T15:56:00-06:00,2024-03-03 15:56:00,74,15,21,180,0,29.89,64,398,29.69
2024-03-03T14:56:00-06:00,2024-03-03 14:56:00,72,13,,180,0,29.92,71,346,29.72
2024-03-03T13:56:00-06:00,2024-03-03 13:56:00,69,10,,160,0,29.94,78,164,29.75
2024-03-03T12:56:00-06:00,2024-03-03 12:56:00,66,10,,210,0,29.96,84,178,29.77
2024-03-03T11:56:00-06:00,2024-03-03 11:56:00,66,12,17,180,0,29.98,81,179,29.79
2024-03-03T10:56:00-06:00,2024-03-03 10:56:00,65,12,,190,0,29.99,87,165,29.8
2024-03-03T09:56:00-06:00,2024-03-03 09:56:00,60,7,,160,0,30.01,93,139,29.82
2024-03-03T08:56:00-06:00,2024-03-03 08:56:00,56,3,,-1,0,30.01,97,101,29.82
2024-03-03T07:56:00-06:00,2024-03-03 07:56:00,54,0,,0,0,30,100,55,29.81
2024-03-03T06:56:00-06:00,2024-03-03 06:56:00,53,0,,0,0,29.99,100,4,29.8
2024-03-03T05:56:00-06:00,2024-03-03 05:56:00,52,0,,0,0,29.99,100,0,29.8
2024-03-03T04:56:00-06:00,2024-03-03 04:56:00,50,0,,0,0,29.97,100,0,29.78
2024-03-03T03:56:00-06:00,2024-03-03 03:56:00,48,3,,30,0,29.96,100,0,29.76
2024-03-03T02:56:00-06:00,2024-03-03 02:56:00,48,0,,0,0,29.96,100,0,29.76
2024-03-03T02:02:00-06:00,2024-03-03 02:02:00,46,0,,0,0,29.97,100,0,29.77
2024-03-03T00:56:00-06:00,2024-03-03 00:56:00,50,0,,0,0,29.97,100,0,29.78
2024-03-02T23:56:00-06:00,2024-03-02 23:56:00,51,0,,0,0,29.97,96,0,29.78
2024-03-02T22:56:00-06:00,2024-03-02 22:56:00,53,0,,0,0,29.98,89,0,29.79
2024-03-02T21:56:00-06:00,2024-03-02 21:56:00,53,0,,0,0,29.99,93,0,29.79
2024-03-02T20:56:00-06:00,2024-03-02 20:56:00,54,0,,0,0,29.99,93,0,29.79
2024-03-02T19:56:00-06:00,2024-03-02 19:56:00,59,0,,0,0,29.99,83,0,29.79
2024-03-02T18:56:00-06:00,2024-03-02 18:56:00,61,5,,130,0,29.98,78,0,29.78
2024-03-02T17:56:00-06:00,2024-03-02 17:56:00,66,5,,130,0,29.97,68,5,29.78
2024-03-02T16:56:00-06:00,2024-03-02 16:56:00,72,8,,130,0,29.97,57,211,29.78
2024-03-02T15:56:00-06:00,2024-03-02 15:56:00,74,9,,170,0,29.98,52,395,29.78
2024-03-02T14:56:00-06:00,2024-03-02 14:56:00,73,9,,150,0,30,55,546,29.8
2024-03-02T13:56:00-06:00,2024-03-02 13:56:00,70,5,,150,0,30.02,59,653,29.83
2024-03-02T12:56:00-06:00,2024-03-02 12:56:00,64,6,,-1,0,30.06,70,709,29.86
2024-03-02T10:56:00-06:00,2024-03-02 10:56:00,49,6,,120,0,30.12,97,164,29.92
2024-03-02T10:03:00-06:00,2024-03-02 10:03:00,46,5,,160,0,30.15,100,141,29.95
2024-03-02T08:56:00-06:00,2024-03-02 08:56:00,43,0,,0,0,30.13,100,100,29.93
2024-03-02T07:56:00-06:00,2024-03-02 07:56:00,40,5,,30,0,30.13,100,54,29.93
2024-03-02T06:56:00-06:00,2024-03-02 06:56:00,38,3,,30,0,30.12,100,3,29.92
2024-03-02T05:56:00-06:00,2024-03-02 05:56:00,35,0,,0,0,30.12,100,0,29.92
2024-03-02T04:56:00-06:00,2024-03-02 04:56:00,35,0,,0,0,30.11,100,0,29.91
2024-03-02T03:56:00-06:00,2024-03-02 03:56:00,36,0,,0,0,30.11,100,0,29.92
2024-03-02T02:56:00-06:00,2024-03-02 02:56:00,36,0,,0,0,30.12,100,0,29.92
2024-03-02T01:56:00-06:00,2024-03-02 01:56:00,36,0,,0,0,30.11,100,0,29.92
2024-03-02T00:56:00-06:00,2024-03-02 00:56:00,38,0,,0,0,30.13,100,0,29.93